MSOA11CD,centroid,lon,lat
E02000053,"c(-0.246534547708401, 51.5933703403328)",-0.24653454770840147,51.59337034033283
E02000209,"c(-0.124865761843357, 51.3871355314943)",-0.12486576184335685,51.387135531494266
E02000054,"c(-0.231339756843842, 51.5928315898487)",-0.23133975684384248,51.592831589848686
E02000055,"c(-0.223838092155353, 51.5878199033054)",-0.22383809215535277,51.587819903305366
E02000056,"c(-0.177834486732299, 51.5812689022966)",-0.17783448673229887,51.58126890229657
E02000057,"c(-0.21784951701954, 51.5828984086202)",-0.2178495170195399,51.582898408620245
E02000104,"c(-0.292017505636489, 51.5625348832993)",-0.2920175056364895,51.56253488329928
E02000058,"c(-0.194990321423827, 51.5830245470216)",-0.1949903214238272,51.583024547021566
E02000210,"c(-0.0780841776116489, 51.3848691165736)",-0.07808417761164894,51.384869116573576
E02000211,"c(-0.0468503530975245, 51.3831829242709)",-0.04685035309752454,51.38318292427095
E02000105,"c(-0.312967876297494, 51.5596042148381)",-0.312967876297494,51.559604214838075
E02000059,"c(-0.243808807122163, 51.5786063722196)",-0.24380880712216263,51.578606372219625
E02000060,"c(-0.207682424557011, 51.5790172095437)",-0.20768242455701136,51.579017209543665
E02000212,"c(-0.117370019632879, 51.3802375411316)",-0.11737001963287856,51.38023754113157
E02000106,"c(-0.250681667938427, 51.5575161212893)",-0.250681667938427,51.5575161212893
E02000107,"c(-0.220362618205911, 51.5556026208668)",-0.22036261820591121,51.555602620866786
E02000213,"c(-0.0997523742711731, 51.3815062412707)",-0.09975237427117314,51.38150624127066
E02000061,"c(-0.195285612110777, 51.5698862864254)",-0.19528561211077677,51.56988628642538
E02000062,"c(-0.221923924575019, 51.5695264955314)",-0.22192392457501925,51.56952649553145
E02000214,"c(-0.0659940704889041, 51.3795479501475)",-0.0659940704889041,51.379547950147455
E02000108,"c(-0.325168784566641, 51.5571889532135)",-0.32516878456664056,51.557188953213476
E02000109,"c(-0.277185494417391, 51.5559297114746)",-0.27718549441739115,51.555929711474576
E02000215,"c(-0.0836518700342878, 51.3787333551804)",-0.0836518700342878,51.37873335518044
E02000063,"c(-0.21115552048669, 51.5661595264555)",-0.2111555204866895,51.56615952645552
E02000001,"c(-0.09212692883751, 51.5148234593744)",-0.09212692883750997,51.51482345937438
E02000064,"c(-0.20231686736964, 51.5603230556923)",-0.20231686736964033,51.56032305569229
E02000110,"c(-0.231780810507263, 51.5531209873918)",-0.23178081050726315,51.553120987391786
E02000216,"c(-0.0776368460720803, 51.3694921582285)",-0.07763684607208028,51.36949215822852
E02000217,"c(-0.110742709704743, 51.3724712677415)",-0.11074270970474347,51.37247126774147
E02000111,"c(-0.304764245392657, 51.5516162355355)",-0.3047642453926569,51.551616235535455
E02000002,"c(0.139470703864577, 51.5882419056979)",0.1394707038645773,51.588241905697934
E02000065,"c(0.136166822575417, 51.5030082370014)",0.13616682257541746,51.50300823700137
E02000066,"c(0.130584714543598, 51.4935622596352)",0.13058471454359785,51.49356225963523
E02000003,"c(0.140919134170638, 51.574923134881)",0.14091913417063764,51.57492313488103
E02000218,"c(-0.0304914252083687, 51.3712289171641)",-0.030491425208368696,51.37122891716409
E02000112,"c(-0.285212453463734, 51.5501325376628)",-0.2852124534637343,51.55013253766283
E02000113,"c(-0.261719089667351, 51.5505672971457)",-0.2617190896673508,51.55056729714572
E02000219,"c(-0.0470781546876352, 51.3652498976498)",-0.04707815468763519,51.3652498976498
E02000004,"c(0.176841259708201, 51.5554459245423)",0.17684125970820128,51.555445924542255
E02000067,"c(0.151657271644611, 51.4937549691716)",0.15165727164461074,51.49375496917159
E02000068,"c(0.169835167849298, 51.4886988277517)",0.1698351678492983,51.48869882775168
E02000005,"c(0.143309312432815, 51.5614144257232)",0.1433093124328155,51.56141442572317
E02000114,"c(-0.228739469348248, 51.5467675711293)",-0.22873946934824843,51.54676757112925
E02000220,"c(-0.0960778293085199, 51.3686818242153)",-0.09607782930851987,51.368681824215265
E02000007,"c(0.157363131895422, 51.558095025185)",0.1573631318954222,51.55809502518496
E02000115,"c(-0.212358582263648, 51.5471074566834)",-0.21235858226364765,51.547107456683385
E02000069,"c(0.159947933227683, 51.4826791072482)",0.15994793322768297,51.48267910724815
E02000259,"c(-0.342784855947204, 51.5173847367768)",-0.3427848559472039,51.51738473677678
E02000221,"c(-0.112479970585909, 51.3588924981354)",-0.1124799705859086,51.35889249813536
E02000008,"c(0.135320065486456, 51.5526416739291)",0.13532006548645614,51.55264167392909
E02000116,"c(-0.237667286530621, 51.5445666104283)",-0.23766728653062089,51.544566610428326
E02000260,"c(-0.371868412425433, 51.512318273131)",-0.37186841242543267,51.51231827313102
E02000070,"c(0.133912176076799, 51.4815515208283)",0.13391217607679942,51.48155152082826
E02000009,"c(0.118357545801204, 51.5515661819079)",0.11835754580120394,51.55156618190785
E02000222,"c(-0.0860863387478221, 51.3580737006441)",-0.08608633874782215,51.358073700644084
E02000117,"c(-0.24994836645627, 51.5447730445316)",-0.2499483664562702,51.544773044531595
E02000261,"c(-0.253902137242606, 51.5113447907919)",-0.2539021372426056,51.51134479079189
E02000010,"c(0.148388148148459, 51.5468742031965)",0.1483881481484593,51.54687420319649
E02000071,"c(0.156092030536348, 51.4743925255055)",0.156092030536348,51.47439252550548
E02000118,"c(-0.2889388016574, 51.543598851058)",-0.28893880165740016,51.54359885105804
E02000262,"c(-0.269241184531083, 51.5095830974038)",-0.2692411845310834,51.50958309740381
E02000011,"c(0.169113569788786, 51.5452858158366)",0.1691135697887855,51.54528581583657
E02000072,"c(0.197706088672744, 51.4713467019822)",0.19770608867274378,51.4713467019822
E02000119,"c(-0.269859966045907, 51.5370642308546)",-0.26985996604590734,51.537064230854554
E02000012,"c(0.0988133267027096, 51.544153890363)",0.09881332670270955,51.54415389036304
E02000224,"c(-0.0993633135464926, 51.3491054376585)",-0.09936331354649264,51.34910543765847
E02000263,"c(-0.38671849255888, 51.5093697978676)",-0.38671849255887963,51.50936979786764
E02000073,"c(0.127091941480353, 51.471991679827)",0.1270919414803528,51.471991679827006
E02000120,"c(-0.200315072889171, 51.5401810541897)",-0.20031507288917086,51.540181054189674
E02000013,"c(0.122431423307724, 51.5433819582623)",0.12243142330772364,51.54338195826232
E02000264,"c(-0.285558988994702, 51.5085785449893)",-0.28555898899470183,51.50857854498933
E02000074,"c(0.177280666002724, 51.4688321788622)",0.17728066600272444,51.46883217886215
E02000121,"c(-0.300258100096221, 51.540341802642)",-0.3002581000962206,51.54034180264201
E02000014,"c(0.144039363585784, 51.5402953078564)",0.14403936358578373,51.54029530785638
E02000312,"c(-0.115520520137048, 51.6136057750163)",-0.11552052013704785,51.61360577501628
E02000265,"c(-0.325546864995525, 51.5088210452058)",-0.32554686499552526,51.508821045205835
E02000226,"c(-0.0667022243832493, 51.3505843211175)",-0.06670222438324926,51.35058432111754
E02000122,"c(-0.220440261720239, 51.5407210994855)",-0.2204402617202387,51.54072109948548
E02000313,"c(0.114569726663669, 51.5024820021348)",0.11456972666366885,51.50248200213479
E02000314,"c(0.0983484618338485, 51.5015428149758)",0.09834846183384852,51.50154281497579
E02000315,"c(0.112959046157355, 51.4937955454272)",0.11295904615735503,51.4937955454272
E02000316,"c(0.0530973171812837, 51.4922136475764)",0.05309731718128371,51.492213647576406
E02000317,"c(0.0511058407774179, 51.4888364926738)",0.0511058407774179,51.488836492673805
E02000318,"c(0.0956181231762987, 51.4882650685866)",0.09561812317629867,51.4882650685866
E02000319,"c(0.0838080215037534, 51.4884256002228)",0.08380802150375341,51.488425600222804
E02000320,"c(0.114187636675993, 51.4837012751681)",0.11418763667599276,51.4837012751681
E02000321,"c(0.0775430202868851, 51.4861699279734)",0.07754302028688506,51.48616992797339
E02000323,"c(0.0703667201057131, 51.4839590872739)",0.07036672010571314,51.48395908727394
E02000324,"c(0.0401433929424593, 51.4822680583678)",0.04014339294245931,51.482268058367815
E02000326,"c(0.0271443247668593, 51.4816948656066)",0.02714432476685932,51.481694865606585
E02000327,"c(0.0572468847114962, 51.4796145770784)",0.05724688471149618,51.47961457707839
E02000328,"c(0.0137053924507063, 51.4802192096385)",0.013705392450706282,51.48021920963853
E02000329,"c(0.0832326239065582, 51.4715277677204)",0.0832326239065582,51.47152776772038
E02000331,"c(0.0392156080016573, 51.4747013758366)",0.03921560800165728,51.474701375836645
E02000332,"c(0.0681141525879582, 51.4713180065033)",0.06811415258795818,51.47131800650327
E02000333,"c(0.0187637626210607, 51.4708811833586)",0.0187637626210607,51.470881183358564
E02000334,"c(0.039130219654984, 51.4684318543639)",0.039130219654984026,51.46843185436394
E02000335,"c(0.0636193806841591, 51.4618131271076)",0.06361938068415911,51.461813127107575
E02000337,"c(0.0421972388437902, 51.4585684881567)",0.042197238843790216,51.458568488156686
E02000339,"c(0.0585707718131702, 51.4556155462484)",0.058570771813170226,51.45561554624843
E02000340,"c(0.065005372486531, 51.4479320401347)",0.06500537248653097,51.4479320401347
E02000341,"c(0.0350730573236651, 51.4467934284888)",0.03507305732366515,51.4467934284888
E02000342,"c(0.0784565886286251, 51.4440134163735)",0.07845658862862515,51.444013416373465
E02000343,"c(0.0531119965496022, 51.4345401898587)",0.05311199654960225,51.43454018985865
E02000344,"c(0.0660094458578256, 51.432673304105)",0.0660094458578256,51.43267330410498
E02000345,"c(-0.0687552475426004, 51.5738455634026)",-0.06875524754260037,51.57384556340261
E02000346,"c(-0.0912946803232861, 51.5709433122309)",-0.0912946803232861,51.570943312230945
E02000347,"c(-0.08192722882225, 51.5703001716667)",-0.08192722882224997,51.57030017166669
E02000348,"c(-0.066887794599721, 51.5700337950454)",-0.06688779459972104,51.57003379504539
E02000350,"c(-0.0672729077495401, 51.5638939320774)",-0.06727290774954008,51.56389393207741
E02000351,"c(-0.0971455185204483, 51.5644412446669)",-0.09714551852044832,51.56444124466688
E02000352,"c(-0.0853954157324355, 51.5626891320489)",-0.0853954157324355,51.562689132048945
E02000353,"c(-0.0755031433274521, 51.5612064220008)",-0.07550314332745212,51.56120642200078
E02000354,"c(-0.0610978911024764, 51.5566860933251)",-0.06109789110247643,51.55668609332511
E02000355,"c(-0.0505695063698751, 51.5568300349762)",-0.05056950636987511,51.55683003497615
E02000356,"c(-0.0851121206748583, 51.5558240272112)",-0.08511212067485825,51.555824027211166
E02000358,"c(-0.0755516142768716, 51.5542626350158)",-0.0755516142768716,51.554262635015846
E02000359,"c(-0.0409277133165416, 51.5522687279054)",-0.04092771331654156,51.552268727905386
E02000360,"c(-0.0642282772637264, 51.5508616573717)",-0.0642282772637264,51.550861657371655
E02000361,"c(-0.0548784001169157, 51.5475815068353)",-0.05487840011691572,51.54758150683527
E02000362,"c(-0.0277701221127777, 51.5472553378422)",-0.027770122112777722,51.547255337842195
E02000363,"c(-0.046783532444187, 51.5468342974185)",-0.04678353244418704,51.546834297418464
E02000364,"c(-0.0669123899951226, 51.5444971052096)",-0.06691238999512257,51.54449710520957
E02000365,"c(-0.0764664473126205, 51.5434268787738)",-0.07646644731262055,51.54342687877377
E02000366,"c(-0.0440681567157946, 51.5406521991903)",-0.04406815671579456,51.54065219919027
E02000367,"c(-0.056024829308364, 51.5386703382674)",-0.056024829308364,51.53867033826736
E02000368,"c(-0.0675934573122717, 51.5357869592649)",-0.06759345731227173,51.53578695926495
E02000075,"c(0.143797097051603, 51.4690225079894)",0.143797097051603,51.46902250798938
E02000015,"c(0.16251511922343, 51.5370140694012)",0.16251511922342976,51.53701406940123
E02000123,"c(-0.245731429523643, 51.5363092626092)",-0.2457314295236429,51.536309262609166
E02000016,"c(0.0753770823395592, 51.5393647515207)",0.07537708233955924,51.5393647515207
E02000124,"c(-0.211085411206801, 51.5351717345136)",-0.2110854112068011,51.53517173451357
E02000017,"c(0.0871190801087734, 51.5404642591349)",0.08711908010877344,51.54046425913485
E02000227,"c(-0.0366152985443721, 51.3460159503349)",-0.03661529854437213,51.346015950334916
E02000125,"c(-0.228953344305251, 51.5343430601355)",-0.2289533443052506,51.53434306013552
E02000266,"c(-0.356784377616881, 51.5069090838522)",-0.3567843776168813,51.506909083852214
E02000018,"c(0.111768988502897, 51.5385722932523)",0.11176898850289653,51.538572293252294
E02000228,"c(-0.0846435111209166, 51.3404389388674)",-0.08464351112091657,51.34043893886737
E02000126,"c(-0.19677516930704, 51.5331309233066)",-0.1967751693070402,51.53313092330659
E02000267,"c(-0.338238867401841, 51.5068449508191)",-0.3382388674018408,51.506844950819115
E02000019,"c(0.134583270346612, 51.5287810667174)",0.13458327034661238,51.52878106671743
E02000127,"c(0.0402315126018713, 51.4331451636299)",0.04023151260187127,51.43314516362987
E02000268,"c(-0.301388789197474, 51.5050993579994)",-0.3013887891974743,51.50509935799945
E02000020,"c(0.104650577863839, 51.5247014205088)",0.10465057786383913,51.524701420508826
E02000230,"c(-0.112231175310135, 51.3394334958285)",-0.1122311753101348,51.33943349582848
E02000128,"c(0.0731000995095551, 51.4234348542996)",0.07310009950955511,51.423434854299565
E02000269,"c(-0.314039716706, 51.5050335730474)",-0.31403971670600017,51.505033573047406
E02000021,"c(0.153681435505063, 51.5245617486966)",0.15368143550506294,51.52456174869661
E02000231,"c(-0.135084755844677, 51.3343850488699)",-0.1350847558446773,51.33438504886989
E02000130,"c(-0.0465815610260576, 51.4188739014938)",-0.046581561026057566,51.41887390149378
E02000270,"c(-0.273565766761024, 51.5029214205769)",-0.2735657667610235,51.502921420576854
E02000022,"c(0.0802359149570693, 51.5320893037416)",0.08023591495706932,51.5320893037416
E02000023,"c(0.112698858745013, 51.5278535481023)",0.11269885874501331,51.52785354810235
E02000024,"c(-0.202760029899764, 51.6580452957886)",-0.20276002989976352,51.658045295788575
E02000025,"c(-0.180361788174103, 51.6551418103939)",-0.18036178817410303,51.65514181039386
E02000026,"c(-0.155943862997472, 51.6478698935159)",-0.15594386299747184,51.647869893515875
E02000027,"c(-0.203335108422915, 51.6453968454843)",-0.20333510842291455,51.6453968454843
E02000028,"c(-0.177916143370522, 51.6442336408674)",-0.1779161433705221,51.64423364086737
E02000029,"c(-0.162476625694935, 51.6424816082347)",-0.16247662569493523,51.642481608234746
E02000031,"c(-0.173850449963825, 51.6327586353332)",-0.17385044996382468,51.63275863533324
E02000032,"c(-0.139877908083619, 51.6314136125577)",-0.13987790808361855,51.63141361255769
E02000033,"c(-0.1488284445561, 51.6263595994186)",-0.14882844455610003,51.62635959941864
E02000034,"c(-0.165773353186099, 51.6226487251497)",-0.16577335318609926,51.62264872514973
E02000035,"c(-0.183818432831138, 51.6220111108169)",-0.18381843283113816,51.62201111081688
E02000036,"c(-0.263213406250503, 51.6230759080296)",-0.2632134062505035,51.62307590802961
E02000037,"c(-0.284115366306826, 51.6286875158842)",-0.28411536630682555,51.62868751588415
E02000038,"c(-0.155109738582782, 51.6154644433474)",-0.15510973858278237,51.61546444334742
E02000039,"c(-0.241982325362926, 51.6153436668703)",-0.24198232536292616,51.6153436668703
E02000040,"c(-0.217854660407567, 51.6172394926079)",-0.21785466040756735,51.617239492607936
E02000041,"c(-0.272603858468936, 51.613485963933)",-0.27260385846893603,51.613485963933044
E02000042,"c(-0.177923953333289, 51.6117913772954)",-0.17792395333328853,51.61179137729544
E02000043,"c(-0.193762085544353, 51.6139747948383)",-0.19376208554435292,51.613974794838335
E02000044,"c(-0.253920945647774, 51.61023649966)",-0.2539209456477744,51.610236499660026
E02000045,"c(-0.154419437243946, 51.6062123376216)",-0.15441943724394552,51.606212337621564
E02000046,"c(-0.188582548450911, 51.6017088658703)",-0.18858254845091083,51.60170886587025
E02000047,"c(-0.262287946842849, 51.6026838185907)",-0.2622879468428489,51.602683818590684
E02000048,"c(-0.218597616555575, 51.6024658894431)",-0.21859761655557458,51.602465889443124
E02000049,"c(-0.24621526769615, 51.6021746829885)",-0.24621526769615037,51.60217468298846
E02000050,"c(-0.171627374263051, 51.6001851823149)",-0.17162737426305055,51.600185182314895
E02000051,"c(-0.199448541919507, 51.5941418282671)",-0.19944854191950653,51.594141828267105
E02000052,"c(-0.168902142504854, 51.5914926039295)",-0.16890214250485364,51.5914926039295
E02000156,"c(-0.0130610862578565, 51.3765930468928)",-0.013061086257856546,51.37659304689281
E02000077,"c(0.114413331010831, 51.4677139470222)",0.11441333101083102,51.467713947022176
E02000131,"c(-0.0693411930163508, 51.4193575587617)",-0.06934119301635083,51.41935755876167
E02000078,"c(0.167422867847263, 51.4654640024394)",0.16742286784726312,51.46546400243936
E02000132,"c(-0.0289333976367718, 51.4152465286947)",-0.028933397636771784,51.415246528694674
E02000232,"c(-0.0632909116549712, 51.329871484809)",-0.0632909116549712,51.32987148480897
E02000271,"c(-0.257970632870349, 51.5014614677141)",-0.25797063287034944,51.50146146771413
E02000157,"c(0.0747233089750215, 51.3731315816104)",0.07472330897502154,51.37313158161037
E02000079,"c(0.139961018195148, 51.4587170368727)",0.13996101819514756,51.45871703687268
E02000133,"c(0.0586011184393472, 51.4099954242402)",0.05860111843934725,51.40999542424024
E02000233,"c(-0.108289576893845, 51.3238947172451)",-0.10828957689384495,51.32389471724506
E02000272,"c(-0.329354273732903, 51.5000019601295)",-0.32935427373290266,51.50000196012946
E02000158,"c(0.114327339789612, 51.3690462118189)",0.11432733978961213,51.36904621181894
E02000080,"c(0.10513703478581, 51.4595039427345)",0.10513703478580999,51.45950394273447
E02000134,"c(0.0184079001647551, 51.41217725649)",0.018407900164755114,51.412177256489954
E02000234,"c(-0.12688781587153, 51.3209276202861)",-0.12688781587153034,51.32092762028608
E02000274,"c(-0.39106111961563, 51.5001147843595)",-0.3910611196156301,51.5001147843595
E02000159,"c(0.0417148932653459, 51.3643919008342)",0.04171489326534592,51.364391900834185
E02000081,"c(0.159628584150726, 51.4561970479968)",0.1596285841507262,51.45619704799684
E02000235,"c(-0.0943312636195089, 51.3178581998005)",-0.09433126361950889,51.31785819980049
E02000135,"c(-0.0624258168592346, 51.4116397496966)",-0.06242581685923464,51.41163974969661
E02000275,"c(-0.372406235433851, 51.4979140569518)",-0.37240623543385093,51.49791405695177
E02000161,"c(0.0934181839933703, 51.3637449922887)",0.09341818399337026,51.363744992288666
E02000082,"c(0.0895337364012524, 51.458620782517)",0.08953373640125238,51.45862078251703
E02000236,"c(-0.14633731663468, 51.3101626984488)",-0.14633731663467953,51.31016269844884
E02000136,"c(0.0898107470759893, 51.4077631709925)",0.0898107470759893,51.40776317099249
E02000276,"c(-0.31061053155813, 51.496600692663)",-0.3106105315581296,51.49660069266304
E02000162,"c(0.071504391923258, 51.3446990103067)",0.071504391923258,51.34469901030667
E02000083,"c(0.181763007258489, 51.4526256044567)",0.1817630072584888,51.45262560445667
E02000237,"c(-0.11814197828038, 51.3014551765041)",-0.11814197828037994,51.30145517650406
E02000137,"c(-0.00285459445089074, 51.4074389254013)",-0.0028545944508907403,51.40743892540132
E02000277,"c(-0.0355293168021526, 51.6779669038473)",-0.035529316802152586,51.67796690384735
E02000163,"c(0.115682039858256, 51.3497102513397)",0.11568203985825608,51.349710251339694
E02000369,"c(-0.0794227375144728, 51.5360117645442)",-0.07942273751447278,51.53601176454423
E02000084,"c(0.127648316241094, 51.4527099271532)",0.12764831624109357,51.452709927153194
E02000238,"c(-0.347894923329907, 51.5533728774783)",-0.34789492332990746,51.55337287747831
E02000138,"c(-0.0182402225654534, 51.4062481975077)",-0.01824022256545336,51.40624819750771
E02000278,"c(-0.046029501651319, 51.6747400635497)",-0.046029501651319,51.67474006354969
E02000165,"c(0.0182741428056103, 51.3140779592463)",0.018274142805610308,51.31407795924629
E02000370,"c(-0.0900217900015834, 51.532394709172)",-0.09002179000158338,51.53239470917203
E02000085,"c(0.110383433313933, 51.4484404983229)",0.1103834333139331,51.44844049832286
E02000239,"c(-0.326753217011826, 51.5484028624978)",-0.32675321701182597,51.548402862497845
E02000139,"c(-0.0431382056075441, 51.4088382532492)",-0.04313820560754406,51.40883825324919
E02000280,"c(-0.105457438806832, 51.6780499336227)",-0.10545743880683207,51.67804993362268
E02000166,"c(-0.155992298165334, 51.5649425916347)",-0.15599229816533425,51.564942591634654
E02000371,"c(-0.0815263437861458, 51.5274736561736)",-0.08152634378614583,51.52747365617363
E02000086,"c(0.0977727393892855, 51.4442268534407)",0.09777273938928555,51.444226853440654
E02000240,"c(-0.374318209145081, 51.5501027413497)",-0.3743182091450807,51.55010274134967
E02000241,"c(-0.364427603668549, 51.5462877034347)",-0.36442760366854854,51.5462877034347
E02000242,"c(-0.312688234463668, 51.5395498378967)",-0.31268823446366784,51.53954983789672
E02000243,"c(-0.345404373191953, 51.5382781490887)",-0.34540437319195344,51.53827814908866
E02000244,"c(-0.323132965491145, 51.5353194515844)",-0.3231329654911451,51.535319451584435
E02000245,"c(-0.384682346420266, 51.5390528286046)",-0.3846823464202664,51.539052828604575
E02000246,"c(-0.400290306385765, 51.5373485050669)",-0.4002903063857654,51.537348505066944
E02000247,"c(-0.368314791277592, 51.5349472870238)",-0.36831479127759215,51.53494728702377
E02000248,"c(-0.291785067123589, 51.5296977437164)",-0.2917850671235895,51.5296977437164
E02000249,"c(-0.353525695681593, 51.5277680542658)",-0.35352569568159314,51.52776805426579
E02000250,"c(-0.308375945159205, 51.5269122737256)",-0.3083759451592054,51.526912273725586
E02000251,"c(-0.363157090078741, 51.5262428442122)",-0.3631570900787413,51.52624284421217
E02000252,"c(-0.263615542291125, 51.5253843821237)",-0.2636155422911248,51.52538438212367
E02000253,"c(-0.336461525301488, 51.5233509908089)",-0.33646152530148793,51.523350990808886
E02000254,"c(-0.373505613187966, 51.5214113490636)",-0.3735056131879661,51.521411349063584
E02000255,"c(-0.324529574271436, 51.5220297429677)",-0.3245295742714361,51.52202974296769
E02000256,"c(-0.314315664776662, 51.517127000816)",-0.31431566477666223,51.51712700081597
E02000257,"c(-0.295325917544218, 51.5173131287307)",-0.2953259175442177,51.51731312873069
E02000258,"c(-0.273613990722468, 51.5168175601589)",-0.27361399072246806,51.51681756015888
E02000167,"c(-0.174881725899519, 51.561683299117)",-0.17488172589951947,51.56168329911699
E02000281,"c(-0.0648800086780241, 51.6666170453417)",-0.06488000867802406,51.666617045341745
E02000168,"c(-0.142343097603777, 51.555386528723)",-0.14234309760377747,51.55538652872297
E02000140,"c(0.108777140898627, 51.404785977747)",0.1087771408986272,51.40478597774696
E02000282,"c(-0.0459705815522783, 51.664412353803)",-0.04597058155227828,51.66441235380296
E02000169,"c(-0.186439346022183, 51.5567958743829)",-0.1864393460221831,51.55679587438295
E02000141,"c(-0.0580029797255545, 51.4051667151923)",-0.05800297972555448,51.40516671519234
E02000283,"c(-0.0355730962709017, 51.6605592255369)",-0.03557309627090173,51.66055922553687
E02000170,"c(-0.20131550763694, 51.554138254703)",-0.20131550763694026,51.55413825470301
E02000142,"c(0.0333774964189233, 51.4048836351793)",0.03337749641892333,51.40488363517933
E02000284,"c(-0.0870461289304991, 51.6590281024167)",-0.0870461289304991,51.65902810241671
E02000171,"c(-0.158759544936192, 51.5526438992123)",-0.15875954493619243,51.55264389921233
E02000144,"c(0.0143863874309356, 51.3991758766199)",0.014386387430935569,51.399175876619886
E02000285,"c(-0.0727739333672806, 51.6586675126787)",-0.07277393336728058,51.65866751267869
E02000172,"c(-0.148032184113093, 51.5498979046682)",-0.14803218411309343,51.549897904668235
E02000145,"c(0.135343418747238, 51.3929168638243)",0.1353434187472379,51.39291686382433
E02000286,"c(-0.100861166544402, 51.6600665636312)",-0.100861166544402,51.660066563631155
E02000173,"c(-0.173251248988403, 51.5504095731552)",-0.173251248988403,51.55040957315518
E02000146,"c(0.0330953684421158, 51.3941169273915)",0.033095368442115844,51.394116927391515
E02000287,"c(-0.15300897747514, 51.6635869950783)",-0.1530089774751396,51.66358699507828
E02000174,"c(-0.136180940259188, 51.5485309667482)",-0.1361809402591879,51.548530966748245
E02000147,"c(-0.00324282844732805, 51.3941412422019)",-0.0032428284473280515,51.39414124220193
E02000288,"c(-0.051329315164581, 51.6512316177264)",-0.051329315164580995,51.65123161772639
E02000175,"c(-0.19032207067567, 51.5491685220614)",-0.19032207067567042,51.54916852206144
E02000148,"c(0.0612660125598045, 51.3924162980106)",0.061266012559804524,51.39241629801059
E02000289,"c(-0.115659772664294, 51.6539512405575)",-0.11565977266429352,51.65395124055754
E02000176,"c(-0.168526292492154, 51.5474738252145)",-0.16852629249215367,51.547473825214496
E02000149,"c(0.1027681888453, 51.3905587809917)",0.10276818884529967,51.39055878099168
E02000290,"c(-0.0246470163261282, 51.650463101635)",-0.024647016326128222,51.65046310163496
E02000177,"c(-0.153474307783252, 51.5458036072739)",-0.15347430778325247,51.5458036072739
E02000150,"c(-0.0287454511081828, 51.3894028090073)",-0.028745451108182808,51.38940280900732
E02000291,"c(-0.073757278924126, 51.6460073783109)",-0.07375727892412605,51.646007378310856
E02000178,"c(-0.199798042213144, 51.5468125866933)",-0.19979804221314396,51.5468125866933
E02000151,"c(0.0790270781584731, 51.3861570610655)",0.07902707815847308,51.3861570610655
E02000292,"c(-0.0624432985666404, 51.6456480973132)",-0.06244329856664037,51.64564809731318
E02000179,"c(-0.164563889777784, 51.544681609592)",-0.16456388977778383,51.54468160959197
E02000152,"c(0.0482409299439364, 51.3839883193176)",0.048240929943936445,51.38398831931762
E02000293,"c(-0.0937468182444392, 51.6440483648349)",-0.09374681824443916,51.64404836483492
E02000180,"c(-0.131336284982473, 51.544335835242)",-0.13133628498247266,51.54433583524202
E02000153,"c(0.0120904214452786, 51.3838760466846)",0.012090421445278597,51.38387604668458
E02000294,"c(-0.0376850894477399, 51.6373760569865)",-0.03768508944773986,51.637376056986525
E02000181,"c(-0.187200930480268, 51.5438214452142)",-0.18720093048026828,51.54382144521422
E02000154,"c(0.094960702817702, 51.3794079244952)",0.094960702817702,51.37940792449517
E02000295,"c(-0.119508324901916, 51.6393833833886)",-0.11950832490191593,51.63938338338856
E02000182,"c(-0.171202095894273, 51.5410525950942)",-0.17120209589427327,51.541052595094214
E02000155,"c(0.113919296921784, 51.3784462387052)",0.11391929692178374,51.378446238705195
E02000296,"c(-0.13306336631603, 51.6417255993238)",-0.13306336631603022,51.64172559932385
E02000183,"c(-0.15276285943672, 51.5403565339698)",-0.15276285943671966,51.54035653396978
E02000297,"c(-0.0799982291305272, 51.6355573122374)",-0.07999822913052718,51.635557312237424
E02000184,"c(-0.136177368315453, 51.5393526588661)",-0.13617736831545266,51.539352658866065
E02000298,"c(-0.104714402505222, 51.6333753944454)",-0.1047144025052221,51.63337539444537
E02000185,"c(-0.187951632937423, 51.5389634795326)",-0.18795163293742337,51.53896347953265
E02000299,"c(-0.0531149973404833, 51.6320383414718)",-0.053114997340483264,51.63203834147181
E02000186,"c(-0.144576148659665, 51.5330394029942)",-0.14457614865966523,51.533039402994156
E02000300,"c(-0.0655146544025085, 51.6313736417975)",-0.0655146544025085,51.63137364179748
E02000187,"c(-0.128722624303825, 51.5339326228626)",-0.12872262430382483,51.53393262286259
E02000188,"c(-0.138950464470659, 51.5288904555246)",-0.1389504644706591,51.52889045552459
E02000189,"c(-0.118434579057546, 51.527843421757)",-0.11843457905754648,51.527843421757034
E02000190,"c(-0.124069489763255, 51.5261774822084)",-0.12406948976325519,51.52617748220838
E02000191,"c(-0.134042376222978, 51.5224045156227)",-0.13404237622297838,51.52240451562273
E02000192,"c(-0.113027133762863, 51.5214859200571)",-0.11302713376286255,51.521485920057145
E02000193,"c(-0.122474049815025, 51.5184908325931)",-0.12247404981502451,51.51849083259313
E02000194,"c(-0.0867945058134622, 51.415631532206)",-0.08679450581346225,51.415631532206
E02000195,"c(-0.105064517115945, 51.4160825963539)",-0.1050645171159449,51.4160825963539
E02000196,"c(-0.115381929482928, 51.4099283748992)",-0.11538192948292836,51.40992837489922
E02000197,"c(-0.125112206055105, 51.4063911023145)",-0.1251122060551054,51.40639110231454
E02000198,"c(-0.0985907855636995, 51.406066838002)",-0.09859078556369955,51.40606683800204
E02000199,"c(-0.0911042426193317, 51.403133380367)",-0.09110424261933166,51.40313338036698
E02000200,"c(-0.0794479795899294, 51.4030838449494)",-0.07944797958992936,51.40308384494936
E02000201,"c(-0.0696708351210026, 51.3997805831614)",-0.0696708351210026,51.39978058316139
E02000202,"c(-0.110719992591824, 51.3991345762379)",-0.11071999259182365,51.39913457623795
E02000203,"c(-0.097682441704178, 51.3968562812695)",-0.09768244170417797,51.39685628126953
E02000204,"c(-0.118969833980456, 51.394609478214)",-0.11896983398045614,51.394609478214015
E02000206,"c(-0.0891650899155538, 51.390829392086)",-0.0891650899155538,51.39082939208598
E02000207,"c(-0.0666166160048029, 51.3884322280121)",-0.06661661600480294,51.38843222801207
E02000208,"c(-0.106510452552968, 51.3884814012723)",-0.1065104525529682,51.38848140127234
E02000372,"c(-0.237708080846955, 51.5220357971567)",-0.2377080808469552,51.522035797156725
E02000087,"c(0.152108094227949, 51.441179667827)",0.1521080942279488,51.44117966782703
E02000301,"c(-0.0361869797860056, 51.6270021616045)",-0.03618697978600556,51.62700216160448
E02000302,"c(-0.091574479262089, 51.6251899774085)",-0.09157447926208903,51.62518997740852
E02000303,"c(-0.070246592100053, 51.6227423772327)",-0.07024659210005305,51.62274237723275
E02000304,"c(-0.123757801737383, 51.6231748023357)",-0.12375780173738263,51.623174802335654
E02000305,"c(-0.107110182640661, 51.6224108249761)",-0.1071101826406609,51.62241082497607
E02000306,"c(-0.048087891335398, 51.6184329372336)",-0.04808789133539795,51.61843293723357
E02000307,"c(-0.083122511100225, 51.6201867853109)",-0.08312251110022502,51.620186785310885
E02000308,"c(-0.134132588348008, 51.6154221000483)",-0.13413258834800842,51.61542210004833
E02000309,"c(-0.0519936398379198, 51.611442873173)",-0.051993639837919756,51.611442873173026
E02000311,"c(-0.095999355339448, 51.6128836720269)",-0.095999355339448,51.61288367202688
E02000088,"c(0.122879307009441, 51.4386273669368)",0.12287930700944057,51.43862736693679
E02000089,"c(0.085953794363616, 51.4366603685138)",0.08595379436361601,51.43666036851377
E02000090,"c(0.0971160364410193, 51.4302518485425)",0.0971160364410193,51.430251848542504
E02000091,"c(0.111033740240214, 51.4253800374254)",0.11103374024021423,51.4253800374254
E02000092,"c(0.136542605133849, 51.4227316903762)",0.1365426051338486,51.42273169037618
E02000093,"c(-0.274667146876326, 51.5934000166561)",-0.2746671468763257,51.59340001665609
E02000094,"c(-0.259616680616633, 51.5883470940295)",-0.2596166806166331,51.588347094029544
E02000095,"c(-0.280116331775839, 51.5843728562109)",-0.28011633177583883,51.5843728562109
E02000096,"c(-0.303682953044089, 51.5805025938417)",-0.30368295304408904,51.58050259384172
E02000097,"c(-0.264038417700844, 51.5767467755926)",-0.26403841770084413,51.57674677559257
E02000098,"c(-0.284513558720143, 51.5742537962744)",-0.28451355872014256,51.57425379627445
E02000099,"c(-0.301458802166998, 51.5692913607022)",-0.3014588021669984,51.56929136070221
E02000100,"c(-0.318019954268906, 51.5709688577137)",-0.318019954268906,51.57096885771368
E02000101,"c(-0.269772662569988, 51.5664218622969)",-0.2697726625699885,51.56642186229688
E02000102,"c(-0.251262486903569, 51.5663763908228)",-0.2512624869035689,51.56637639082283
E02000103,"c(-0.234425457734756, 51.5636024687884)",-0.23442545773475612,51.5636024687884
E02000373,"c(-0.234948120245607, 51.5121048774563)",-0.23494812024560682,51.51210487745627
E02000374,"c(-0.241792499609459, 51.5100255892738)",-0.2417924996094586,51.510025589273795
E02000375,"c(-0.224399849283448, 51.5078336703117)",-0.2243998492834485,51.50783367031173
E02000376,"c(-0.230367991231957, 51.5039941339128)",-0.23036799123195678,51.50399413391279
E02000377,"c(-0.239982088638629, 51.503608229171)",-0.2399820886386293,51.50360822917097
E02000378,"c(-0.220636880003058, 51.5016611732458)",-0.2206368800030583,51.501661173245786
E02000379,"c(-0.245902487048492, 51.5001623597211)",-0.24590248704849219,51.500162359721124
E02000380,"c(-0.230509140672238, 51.4984182878872)",-0.2305091406722376,51.49841828788725
E02000381,"c(-0.218599050227971, 51.4974363654492)",-0.21859905022797052,51.49743636544919
E02000382,"c(-0.239255065657057, 51.494103364148)",-0.23925506565705743,51.49410336414795
E02000383,"c(-0.21098415718744, 51.4934414540066)",-0.21098415718744015,51.4934414540066
E02000384,"c(-0.226672058773647, 51.4922927705366)",-0.2266720587736473,51.49229277053655
E02000385,"c(-0.212013402493191, 51.4882887787044)",-0.2120134024931914,51.488288778704394
E02000386,"c(-0.203718140223772, 51.4873345139527)",-0.20371814022377174,51.48733451395265
E02000387,"c(-0.21570151997934, 51.4851141004894)",-0.21570151997933984,51.485114100489376
E02000388,"c(-0.198445253929912, 51.4831570660189)",-0.19844525392991202,51.48315706601895
E02000389,"c(-0.221410648460597, 51.4812691572333)",-0.22141064846059694,51.48126915723331
E02000390,"c(-0.209588487536224, 51.4806847935592)",-0.20958848753622428,51.480684793559206
E02000391,"c(-0.192986247194589, 51.4771239228237)",-0.1929862471945891,51.47712392282368
E02000392,"c(-0.202993988809004, 51.4763607765448)",-0.20299398880900374,51.47636077654484
E02000393,"c(-0.212940698084907, 51.4769076006664)",-0.21294069808490726,51.476907600666394
E02000394,"c(-0.185561542338908, 51.472992063211)",-0.1855615423389077,51.472992063210974
E02000395,"c(-0.209181030911267, 51.4702115581231)",-0.20918103091126689,51.4702115581231
E02000396,"c(-0.19428047433934, 51.4690533885702)",-0.19428047433933984,51.46905338857024
E02000397,"c(-0.116928383502598, 51.6055242433305)",-0.11692838350259763,51.60552424333049
E02000398,"c(-0.0543747186569244, 51.6042301961556)",-0.0543747186569244,51.60423019615564
E02000400,"c(-0.130014269690614, 51.6051419788112)",-0.130014269690614,51.60514197881117
E02000401,"c(-0.0905649694913202, 51.6041443940923)",-0.09056496949132016,51.60414439409229
E02000402,"c(-0.0798826231608876, 51.60320790386)",-0.07988262316088761,51.60320790386
E02000403,"c(-0.10810568372555, 51.6030781746479)",-0.10810568372554988,51.60307817464788
E02000404,"c(-0.0997228774995323, 51.6013549387708)",-0.09972287749953232,51.601354938770776
E02000405,"c(-0.130728233157621, 51.597264563597)",-0.13072823315762136,51.597264563597
E02000406,"c(-0.100201166539344, 51.596255627318)",-0.10020116653934419,51.596255627317966
E02000407,"c(-0.0734255480242948, 51.595113235341)",-0.07342554802429482,51.595113235340996
E02000408,"c(-0.066015871168731, 51.595150780677)",-0.06601587116873102,51.59515078067703
E02000409,"c(-0.086930536502184, 51.594102779618)",-0.08693053650218396,51.594102779618034
E02000410,"c(-0.14457673782258, 51.5949730440558)",-0.1445767378225804,51.59497304405581
E02000411,"c(-0.057245096838391, 51.593111571968)",-0.05724509683839101,51.59311157196804
E02000412,"c(-0.110135471436632, 51.5933082644444)",-0.11013547143663208,51.59330826444437
E02000413,"c(-0.154917539340395, 51.5940430664731)",-0.15491753934039518,51.594043066473134
E02000414,"c(-0.079105138667056, 51.5910042811936)",-0.07910513866705603,51.59100428119365
E02000415,"c(-0.0944645395268617, 51.5904293819504)",-0.09446453952686175,51.590429381950415
E02000416,"c(-0.118686244882265, 51.5879221182862)",-0.11868624488226547,51.587922118286215
E02000417,"c(-0.141037246802566, 51.5866542949125)",-0.14103724680256616,51.58665429491251
E02000418,"c(-0.129594103989501, 51.586302918721)",-0.12959410398950066,51.586302918721
E02000419,"c(-0.10470248766518, 51.5857530381748)",-0.10470248766517969,51.585753038174815
E02000731,"c(0.0511483328912913, 51.5344508583385)",0.05114833289129128,51.534450858338474
E02000628,"c(-0.112407306855669, 51.4666014809051)",-0.11240730685566876,51.46660148090511
E02000732,"c(0.0421477051040139, 51.5339668295616)",0.042147705104013916,51.533966829561614
E02000733,"c(0.007791177521852, 51.5341944709443)",0.0077911775218519955,51.53419447094426
E02000525,"c(-0.425615003339031, 51.4849406898932)",-0.4256150033390314,51.48494068989319
E02000473,"c(0.230797545955203, 51.5831979361342)",0.23079754595520255,51.58319793613424
E02000679,"c(-0.0462517594157374, 51.433935506839)",-0.04625175941573745,51.43393550683899
E02000629,"c(-0.134229558119469, 51.4671332011714)",-0.13422955811946857,51.46713320117144
E02000734,"c(0.0175545326895028, 51.5335273312251)",0.017554532689502834,51.53352733122505
E02000526,"c(-0.25081540970133, 51.4924870797166)",-0.25081540970133004,51.49248707971659
E02000474,"c(0.160338816995125, 51.5856400514006)",0.1603388169951253,51.585640051400645
E02000680,"c(-0.0609940492076596, 51.4349655409021)",-0.06099404920765959,51.43496554090209
E02000630,"c(-0.144701130878567, 51.4648750118146)",-0.144701130878567,51.46487501181465
E02000735,"c(0.0305712819889426, 51.5314592593674)",0.03057128198894256,51.531459259367416
E02000528,"c(-0.295491264216241, 51.4922404181965)",-0.2954912642162405,51.49224041819649
E02000475,"c(0.204032757578223, 51.5853420666647)",0.20403275757822284,51.58534206666466
E02000681,"c(-0.0291413214390676, 51.4339489869024)",-0.029141321439067606,51.433948986902436
E02000631,"c(-0.0970837249473581, 51.4635310036116)",-0.09708372494735808,51.46353100361163
E02000736,"c(0.0675359619303281, 51.5299950136318)",0.06753596193032813,51.52999501363178
E02000529,"c(-0.376043422846124, 51.4892341485803)",-0.3760434228461243,51.48923414858027
E02000476,"c(0.182423448578793, 51.5792017356336)",0.18242344857879284,51.57920173563364
E02000682,"c(-0.00707442398244394, 51.4313068201596)",-0.007074423982443941,51.43130682015959
E02000632,"c(-0.125245957140317, 51.461346967549)",-0.1252459571403173,51.461346967549
E02000737,"c(0.0557268978281126, 51.5285301963407)",0.055726897828112576,51.528530196340725
E02000530,"c(-0.399549508815768, 51.4904707312897)",-0.39954950881576823,51.49047073128971
E02000477,"c(0.205939457428511, 51.5732913336136)",0.20593945742851083,51.57329133361364
E02000683,"c(0.0308114332864239, 51.42952748034)",0.03081143328642389,51.42952748034
E02000633,"c(-0.115775352575889, 51.4596726257032)",-0.11577535257588893,51.45967262570323
E02000738,"c(0.0430634375935227, 51.5283016547704)",0.04306343759352272,51.52830165477044
E02000531,"c(-0.314459198128249, 51.4851872361027)",-0.31445919812824935,51.48518723610269
E02000478,"c(0.231768555211851, 51.5719949266732)",0.2317685552118509,51.57199492667317
E02000685,"c(-0.0630872637197563, 51.4287868412527)",-0.06308726371975629,51.428786841252716
E02000634,"c(-0.134198968386846, 51.4595868396106)",-0.13419896838684595,51.4595868396106
E02000739,"c(0.0245280214948509, 51.5271618625664)",0.02452802149485095,51.52716186256641
E02000533,"c(-0.274880048795104, 51.4835865449786)",-0.2748800487951036,51.483586544978564
E02000479,"c(0.191354942107486, 51.5703892149664)",0.19135494210748627,51.570389214966404
E02000686,"c(-0.0218664401705367, 51.4229901104173)",-0.02186644017053674,51.4229901104173
E02000635,"c(-0.106606876942002, 51.4548007595207)",-0.10660687694200162,51.45480075952066
E02000740,"c(0.00753311098521759, 51.5255837459014)",0.007533110985217591,51.52558374590144
E02000534,"c(-0.341852926368725, 51.4883274101831)",-0.3418529263687246,51.488327410183096
E02000480,"c(0.163885910900493, 51.5710860881466)",0.1638859109004934,51.571086088146615
E02000687,"c(-0.0489033557831891, 51.4258199129232)",-0.04890335578318905,51.42581991292315
E02000577,"c(-0.214136978246823, 51.5250144372489)",-0.2141369782468233,51.525014437248885
E02000636,"c(-0.141251908612284, 51.4559185629339)",-0.1412519086122841,51.4559185629339
E02000741,"c(0.0343796677240061, 51.5238246878019)",0.03437966772400608,51.523824687801884
E02000535,"c(-0.390402677478244, 51.4812272300057)",-0.3904026774782437,51.4812272300057
E02000481,"c(0.293226088937246, 51.5581279104248)",0.2932260889372456,51.55812791042475
E02000689,"c(-0.197469426611634, 51.4335034270083)",-0.1974694266116345,51.43350342700829
E02000578,"c(-0.219552256881356, 51.5226807036886)",-0.21955225688135563,51.5226807036886
E02000637,"c(-0.118216545692649, 51.4524326603574)",-0.11821654569264889,51.45243266035737
E02000742,"c(0.0513374904730787, 51.5223888738421)",0.05133749047307868,51.522388873842104
E02000536,"c(-0.37321531867803, 51.478119755772)",-0.3732153186780303,51.478119755772
E02000482,"c(0.256416285932726, 51.5650926563751)",0.25641628593272603,51.565092656375086
E02000483,"c(0.218888489757145, 51.5620324765398)",0.21888848975714537,51.562032476539834
E02000484,"c(0.196684738348437, 51.561147549092)",0.19668473834843683,51.56114754909196
E02000485,"c(0.237723867196378, 51.5584005720414)",0.23772386719637756,51.55840057204142
E02000486,"c(0.208861494259771, 51.5533353768186)",0.2088614942597707,51.5533353768186
E02000487,"c(0.255473537634545, 51.539866450377)",0.25547353763454506,51.53986645037696
E02000488,"c(0.214754142213327, 51.5463776875611)",0.21475414221332692,51.54637768756109
E02000489,"c(0.195474778619713, 51.5426648252162)",0.19547477861971307,51.54266482521622
E02000490,"c(0.194990199499681, 51.5342294225269)",0.19499019949968124,51.53422942252694
E02000491,"c(0.176474264464139, 51.5227207882298)",0.17647426446413925,51.52272078822985
E02000492,"c(0.210463364044695, 51.5111701856789)",0.21046336404469473,51.51117018567891
E02000493,"c(0.199694199092405, 51.5166202966634)",0.1996941990924047,51.51662029666339
E02000494,"c(-0.437729459082125, 51.6062192346147)",-0.4377294590821249,51.60621923461473
E02000495,"c(-0.418666905911592, 51.6045730192381)",-0.4186669059115916,51.60457301923813
E02000497,"c(-0.409121435079585, 51.5903767782813)",-0.4091214350795849,51.5903767782813
E02000498,"c(-0.439806130247278, 51.585317018888)",-0.4398061302472782,51.585317018888
E02000499,"c(-0.395206082995165, 51.5791528759673)",-0.3952060829951653,51.57915287596729
E02000500,"c(-0.421738218694607, 51.5800902097858)",-0.42173821869460715,51.580090209785794
E02000501,"c(-0.399880184857023, 51.5707232805746)",-0.39988018485702304,51.570723280574605
E02000502,"c(-0.427096559420707, 51.5612503963521)",-0.42709655942070673,51.56125039635211
E02000503,"c(-0.406524887723958, 51.5639012280074)",-0.4065248877239581,51.56390122800735
E02000504,"c(-0.450839879159547, 51.5642972046005)",-0.4508398791595467,51.564297204600464
E02000506,"c(-0.466451906640723, 51.5592107513472)",-0.46645190664072333,51.55921075134724
E02000507,"c(-0.435205329650594, 51.5451843535341)",-0.43520532965059433,51.545184353534125
E02000508,"c(-0.470589707126929, 51.5407515642443)",-0.47058970712692927,51.54075156424434
E02000509,"c(-0.485215665180734, 51.5386968454621)",-0.4852156651807338,51.53869684546207
E02000510,"c(-0.457664618422166, 51.5325575434292)",-0.457664618422166,51.53255754342917
E02000511,"c(-0.425866214730697, 51.5323355698052)",-0.4258662147306973,51.532335569805234
E02000512,"c(-0.442888491970081, 51.5315449671414)",-0.4428884919700805,51.53154496714142
E02000513,"c(-0.400298972452536, 51.5286191563876)",-0.40029897245253576,51.528619156387606
E02000514,"c(-0.411911886868378, 51.5238257445123)",-0.4119118868683779,51.52382574451225
E02000515,"c(-0.479728406395592, 51.5200688215377)",-0.4797284063955915,51.52006882153773
E02000516,"c(-0.387454792299203, 51.5215831030443)",-0.3874547922992028,51.52158310304432
E02000517,"c(-0.437265617452024, 51.5194997628916)",-0.4372656174520243,51.51949976289163
E02000518,"c(-0.458501356349868, 51.5164810681064)",-0.4585013563498682,51.51648106810638
E02000519,"c(-0.406479368565183, 51.5156356430847)",-0.4064793685651829,51.51563564308475
E02000520,"c(-0.423284544125788, 51.5095777548023)",-0.4232845441257879,51.50957775480233
E02000521,"c(-0.450698892078746, 51.5020812517988)",-0.45069889207874614,51.50208125179881
E02000522,"c(-0.472863627141304, 51.5029607654339)",-0.472863627141304,51.5029607654339
E02000523,"c(-0.424151419252202, 51.498804278541)",-0.42415141925220234,51.49880427854101
E02000420,"c(-0.0789010034751598, 51.5855936020942)",-0.07890100347515981,51.58559360209419
E02000690,"c(-0.231104857507024, 51.4283989977818)",-0.23110485750702353,51.428398997781784
E02000537,"c(-0.356067967450538, 51.4803378021687)",-0.3560679674505381,51.480337802168734
E02000638,"c(-0.12446887092366, 51.449867417579)",-0.12446887092365996,51.44986741757897
E02000743,"c(0.0159467939884435, 51.5207807712806)",0.015946793988443484,51.5207807712806
E02000579,"c(-0.219150086966688, 51.5178000219023)",-0.21915008696668786,51.5178000219023
E02000691,"c(-0.19871669904106, 51.4246313179994)",-0.19871669904105996,51.424631317999406
E02000538,"c(-0.405936280062762, 51.473540494956)",-0.4059362800627615,51.473540494956005
E02000639,"c(-0.129983510438293, 51.4475761317416)",-0.12998351043829287,51.44757613174165
E02000744,"c(0.0258621994227495, 51.5190895519142)",0.025862199422749487,51.519089551914206
E02000580,"c(-0.205670276021987, 51.5173008877941)",-0.20567027602198681,51.51730088779413
E02000692,"c(-0.2144713281292, 51.4216437501354)",-0.21447132812919978,51.42164375013539
E02000539,"c(-0.330083295431755, 51.472927603743)",-0.33008329543175524,51.47292760374297
E02000640,"c(-0.138993483748994, 51.4463194035309)",-0.13899348374899365,51.446319403530936
E02000745,"c(0.0430908149274533, 51.5170613725317)",0.04309081492745329,51.51706137253168
E02000421,"c(-0.0680015289204836, 51.5849658885812)",-0.0680015289204836,51.58496588858122
E02000581,"c(-0.214502736570457, 51.5121378336729)",-0.21450273657045654,51.512137833672924
E02000693,"c(-0.177799878642435, 51.4193303157683)",-0.1777998786424351,51.41933031576833
E02000540,"c(-0.349092862839043, 51.4712585642157)",-0.3490928628390434,51.47125856421573
E02000641,"c(-0.114310959251324, 51.4449465629983)",-0.11431095925132376,51.444946562998325
E02000746,"c(0.0755283661221768, 51.5168814770162)",0.07552836612217678,51.51688147701618
E02000422,"c(-0.085896983684121, 51.5826919727602)",-0.085896983684121,51.582691972760216
E02000582,"c(-0.199260839600395, 51.5114740385236)",-0.19926083960039528,51.51147403852356
E02000694,"c(-0.18861301595431, 51.4197186724323)",-0.18861301595430954,51.41971867243228
E02000541,"c(-0.391361552665109, 51.4705718657035)",-0.3913615526651093,51.47057186570354
E02000642,"c(-0.100538887011721, 51.4428412571369)",-0.10053888701172062,51.442841257136855
E02000747,"c(0.0106078897989221, 51.5137684122885)",0.010607889798922122,51.51376841228846
E02000423,"c(-0.0946587398873713, 51.5816398322413)",-0.09465873988737128,51.58163983224131
E02000583,"c(-0.209280596293896, 51.5100379770325)",-0.20928059629389623,51.510037977032475
E02000695,"c(-0.15272415777456, 51.4167537179682)",-0.1527241577745596,51.41675371796824
E02000542,"c(-0.376731737857273, 51.4691648822743)",-0.37673173785727315,51.469164882274264
E02000643,"c(-0.126419488216984, 51.4394329228005)",-0.12641948821698437,51.439432922800485
E02000644,"c(-0.113687842230605, 51.4361750192625)",-0.1136878422306046,51.43617501926248
E02000645,"c(-0.100064868024898, 51.4336911440224)",-0.10006486802489847,51.43369114402244
E02000646,"c(-0.131055432501873, 51.4343816342221)",-0.13105543250187315,51.43438163422209
E02000647,"c(-0.113749465244364, 51.4279623020689)",-0.11374946524436383,51.4279623020689
E02000648,"c(-0.0996869274079928, 51.4262091544109)",-0.09968692740799281,51.42620915441091
E02000649,"c(-0.13073280087205, 51.426255172364)",-0.13073280087205,51.42625517236398
E02000650,"c(-0.0881526611580612, 51.4241951346276)",-0.08815266115806124,51.42419513462763
E02000651,"c(-0.125942636693305, 51.4191530247968)",-0.12594263669330535,51.41915302479679
E02000652,"c(-0.138046295744492, 51.4150411371488)",-0.13804629574449181,51.41504113714883
E02000653,"c(-0.0399048536913358, 51.489220610691)",-0.03990485369133581,51.48922061069096
E02000654,"c(-0.0326197338374358, 51.4838862774269)",-0.03261973383743577,51.48388627742687
E02000655,"c(-0.0471627306720648, 51.4806793693492)",-0.047162730672064807,51.480679369349204
E02000657,"c(-0.0325402757143781, 51.4714756066851)",-0.03254027571437813,51.471475606685146
E02000658,"c(-0.0470241090148271, 51.4716175963866)",-0.04702410901482705,51.471617596386594
E02000659,"c(-0.00576800323374121, 51.4671298778025)",-0.0057680032337412085,51.46712987780246
E02000660,"c(-0.0277346527607755, 51.4668153171502)",-0.027734652760775486,51.46681531715025
E02000661,"c(0.00645523289817252, 51.4662629985451)",0.006455232898172521,51.466262998545126
E02000662,"c(-0.0418727185104512, 51.4633640598355)",-0.0418727185104512,51.463364059835506
E02000663,"c(-0.0216905408076038, 51.462319341092)",-0.021690540807603752,51.462319341091984
E02000664,"c(-0.012102304194191, 51.4591200696874)",-0.012102304194190982,51.459120069687366
E02000665,"c(0.00370448799250242, 51.4556724344394)",0.0037044879925024186,51.4556724344394
E02000666,"c(-0.0281943746328007, 51.4567344778825)",-0.02819437463280067,51.45673447788255
E02000667,"c(-0.0352453148823904, 51.4530235396934)",-0.03524531488239043,51.45302353969336
E02000668,"c(0.00971683143410693, 51.449949831566)",0.009716831434106935,51.449949831566016
E02000669,"c(-0.00422017843453952, 51.4491671355112)",-0.004220178434539516,51.449167135511175
E02000670,"c(-0.0125405834684036, 51.4465672759491)",-0.012540583468403607,51.446567275949135
E02000671,"c(-0.0413055464787217, 51.4464624259855)",-0.04130554647872174,51.44646242598546
E02000672,"c(-0.0250016504511769, 51.4455949977839)",-0.02500165045117688,51.44559499778391
E02000673,"c(-0.0560363546169094, 51.4445833036612)",-0.05603635461690939,51.444583303661226
E02000674,"c(-0.00196091439439864, 51.4411925105038)",-0.0019609143943986364,51.44119251050382
E02000675,"c(0.0181397154451207, 51.4402097286874)",0.018139715445120726,51.44020972868742
E02000676,"c(-0.0421056253949089, 51.4394723098852)",-0.042105625394908905,51.43947230988521
E02000677,"c(-0.0138700712001297, 51.4379063030647)",-0.01387007120012973,51.43790630306471
E02000678,"c(0.00857806104581879, 51.4354306350572)",0.008578061045818793,51.435430635057195
E02000543,"c(-0.364569403797866, 51.4651859290801)",-0.3645694037978657,51.465185929080135
E02000696,"c(-0.168414623640417, 51.4154876787184)",-0.1684146236404167,51.41548767871842
E02000748,"c(0.0520912899952991, 51.5113309614866)",0.05209128999529915,51.51133096148659
E02000544,"c(-0.349032748346827, 51.4626787412932)",-0.34903274834682685,51.462678741293246
E02000697,"c(-0.198265665582488, 51.4146664386959)",-0.1982656655824876,51.414666438695946
E02000749,"c(0.0311496389611021, 51.5112520258238)",0.031149638961102087,51.51125202582376
E02000545,"c(-0.330806114855783, 51.4629387680723)",-0.33080611485578315,51.462938768072334
E02000698,"c(-0.237584056999391, 51.4140739264738)",-0.23758405699939072,51.41407392647379
E02000750,"c(0.0464818019879976, 51.502940840186)",0.04648180198799762,51.502940840185985
E02000546,"c(-0.385154232222361, 51.4584838597064)",-0.385154232222361,51.45848385970644
E02000699,"c(-0.214813732014552, 51.4118848072368)",-0.21481373201455176,51.41188480723677
E02000584,"c(-0.193718129936595, 51.5056506631132)",-0.1937181299365954,51.50565066311316
E02000751,"c(0.0266867380571895, 51.6151191615362)",0.026686738057189494,51.615119161536164
E02000547,"c(-0.417872979652194, 51.4596167097148)",-0.4178729796521942,51.459616709714794
E02000700,"c(-0.182978444954148, 51.4099929226521)",-0.18297844495414797,51.40999292265213
E02000585,"c(-0.207510499751921, 51.5019539358651)",-0.20751049975192135,51.501953935865075
E02000752,"c(0.129314937486866, 51.6104865893184)",0.12931493748686576,51.610486589318356
E02000548,"c(-0.44305613196639, 51.448218632712)",-0.4430561319663904,51.448218632712
E02000701,"c(-0.1603961332809, 51.4098081912111)",-0.1603961332808998,51.40980819121108
E02000586,"c(-0.185485478166605, 51.499067558733)",-0.18548547816660543,51.49906755873298
E02000753,"c(0.10013192139162, 51.6101439974037)",0.10013192139162026,51.61014399740368
E02000549,"c(-0.400038555653162, 51.4486966100167)",-0.40003855565316193,51.44869661001671
E02000702,"c(-0.149609053346676, 51.4033216902158)",-0.14960905334667607,51.40332169021584
E02000587,"c(-0.197303239443412, 51.4980196470031)",-0.19730323944341235,51.498019647003055
E02000754,"c(0.0421285119881021, 51.6099278219486)",0.04212851198810214,51.60992782194862
E02000550,"c(-0.41822471384385, 51.4449497543338)",-0.41822471384385007,51.44494975433377
E02000703,"c(-0.201326067089441, 51.4069871540065)",-0.20132606708944067,51.406987154006515
E02000588,"c(-0.162636564195279, 51.4965263974997)",-0.16263656419527878,51.496526397499714
E02000755,"c(0.0518136258245211, 51.6052442971567)",0.05181362582452115,51.60524429715668
E02000551,"c(-0.389079658601887, 51.4389158855473)",-0.38907965860188726,51.438915885547324
E02000704,"c(-0.229583586359462, 51.4061440520636)",-0.22958358635946174,51.40614405206361
E02000589,"c(-0.189532388663728, 51.494532053469)",-0.18953238866372818,51.494532053469044
E02000756,"c(0.0840824285578906, 51.6004040757919)",0.08408242855789062,51.60040407579187
E02000552,"c(-0.427297902067754, 51.4370563437403)",-0.42729790206775425,51.437056343740295
E02000705,"c(-0.139695933843318, 51.405682936364)",-0.13969593384331824,51.40568293636402
E02000590,"c(-0.16910148513358, 51.4933297673255)",-0.1691014851335795,51.49332976732553
E02000757,"c(0.0219022882758793, 51.5975015012816)",0.021902288275879284,51.59750150128156
E02000553,"c(-0.39862444569295, 51.4294159389181)",-0.3986244456929501,51.42941593891813
E02000554,"c(-0.122448757142164, 51.5707143738864)",-0.1224487571421636,51.57071437388639
E02000555,"c(-0.131143393855285, 51.5688271435981)",-0.13114339385528537,51.56882714359806
E02000556,"c(-0.117669148432667, 51.5660704256273)",-0.11766914843266735,51.56607042562733
E02000557,"c(-0.136315143687928, 51.5636529726187)",-0.13631514368792833,51.563652972618655
E02000558,"c(-0.111415605581274, 51.5616330538914)",-0.11141560558127382,51.561633053891384
E02000559,"c(-0.102204993012098, 51.5596327996268)",-0.10220499301209846,51.55963279962677
E02000560,"c(-0.11757579593807, 51.5589647130022)",-0.11757579593807044,51.5589647130022
E02000561,"c(-0.130527686601436, 51.5583489556521)",-0.13052768660143593,51.55834895565206
E02000562,"c(-0.0962141797979282, 51.5543800833146)",-0.09621417979792823,51.55438008331456
E02000563,"c(-0.126459045531713, 51.5534931787289)",-0.12645904553171264,51.55349317872893
E02000564,"c(-0.113466976461187, 51.5527285014502)",-0.11346697646118727,51.552728501450225
E02000565,"c(-0.0848882903345406, 51.5501801980929)",-0.0848882903345406,51.55018019809287
E02000566,"c(-0.104980162614322, 51.5491315274133)",-0.10498016261432212,51.54913152741326
E02000567,"c(-0.0885587925250648, 51.5455712237767)",-0.08855879252506478,51.545571223776726
E02000568,"c(-0.120172808378671, 51.5452122641917)",-0.12017280837867128,51.545212264191704
E02000569,"c(-0.0979264069866533, 51.5434455246486)",-0.09792640698665327,51.54344552464863
E02000570,"c(-0.110194186764677, 51.54069920525)",-0.11019418676467677,51.540699205249965
E02000571,"c(-0.0936779313493443, 51.5379429503578)",-0.0936779313493443,51.53794295035776
E02000572,"c(-0.116986020097972, 51.5362442227243)",-0.11698602009797235,51.53624422272426
E02000573,"c(-0.103024665102838, 51.5345732884211)",-0.10302466510283821,51.534573288421065
E02000574,"c(-0.113489520953323, 51.531233771082)",-0.11348952095332329,51.53123377108199
E02000575,"c(-0.104345026712042, 51.5250408696198)",-0.10434502671204177,51.52504086961981
E02000576,"c(-0.0920211799502832, 51.5246225081554)",-0.09202117995028325,51.52462250815539
E02000786,"c(-0.249956813417903, 51.4689575733029)",-0.24995681341790346,51.468957573302944
E02000758,"c(0.0602711935766606, 51.595279634943)",0.060271193576660644,51.59527963494304
E02000759,"c(0.0376428042447752, 51.5941055522336)",0.03764280424477518,51.59410555223356
E02000760,"c(0.0756844113933298, 51.5924034750976)",0.07568441139332982,51.5924034750976
E02000762,"c(0.0658011754284689, 51.5824780208733)",0.06580117542846894,51.582478020873296
E02000763,"c(0.112163300373558, 51.5914892113681)",0.11216330037355793,51.591489211368085
E02000764,"c(0.0212264358797447, 51.583219877308)",0.02122643587974466,51.583219877308046
E02000765,"c(0.071690186367455, 51.5800299876888)",0.07169018636745497,51.58002998768883
E02000767,"c(0.0817134132122576, 51.5794970015357)",0.08171341321225759,51.57949700153573
E02000768,"c(0.0345965040192657, 51.5759984811619)",0.03459650401926569,51.57599848116191
E02000769,"c(0.123531993530602, 51.5752711171278)",0.12353199353060157,51.57527111712783
E02000770,"c(0.0965323068887984, 51.5731153599461)",0.09653230688879842,51.57311535994611
E02000772,"c(0.111860834459344, 51.5730043609868)",0.11186083445934385,51.5730043609868
E02000773,"c(0.0821631261763187, 51.5692717585451)",0.08216312617631867,51.56927175854508
E02000774,"c(0.0998438884055187, 51.5681143972142)",0.09984388840551875,51.5681143972142
E02000776,"c(0.0757699029772802, 51.5652698700861)",0.07576990297728016,51.565269870086055
E02000777,"c(0.0319510480055503, 51.5630792853021)",0.03195104800555027,51.56307928530212
E02000779,"c(0.0640565975759651, 51.5614227577195)",0.06405659757596509,51.56142275771947
E02000706,"c(-0.171232068722555, 51.4056591906529)",-0.17123206872255523,51.40565919065291
E02000780,"c(0.0812574574782046, 51.5569952270563)",0.08125745747820458,51.55699522705626
E02000707,"c(-0.133704789551965, 51.397637617092)",-0.13370478955196538,51.39763761709202
E02000781,"c(0.0970911994980757, 51.5542008297534)",0.09709119949807572,51.55420082975336
E02000591,"c(-0.199528046159114, 51.4930829336833)",-0.1995280461591136,51.49308293368327
E02000708,"c(-0.235319584003824, 51.3973519819225)",-0.2353195840038244,51.39735198192247
E02000782,"c(0.070965682518345, 51.5520830291898)",0.07096568251834504,51.55208302918977
E02000592,"c(-0.179337683621995, 51.493006894804)",-0.1793376836219952,51.49300689480402
E02000709,"c(-0.214532163174801, 51.3977740501843)",-0.21453216317480103,51.39777405018427
E02000783,"c(0.0792219515736552, 51.5474228779445)",0.07922195157365519,51.5474228779445
E02000710,"c(-0.165600722991506, 51.3955493234113)",-0.16560072299150633,51.395549323411274
E02000593,"c(-0.191042781810947, 51.48864481323)",-0.1910427818109473,51.488644813230025
E02000784,"c(-0.237374401210485, 51.4796469555803)",-0.2373744012104852,51.47964695558027
E02000711,"c(-0.191531427448559, 51.3979151471189)",-0.1915314274485594,51.39791514711888
E02000594,"c(-0.160246442728116, 51.4873290501737)",-0.16024644272811597,51.487329050173734
E02000785,"c(-0.298468886958252, 51.4737336208736)",-0.29846888695825236,51.473733620873574
E02000712,"c(-0.199172524553707, 51.3907480344107)",-0.19917252455370746,51.39074803441074
E02000595,"c(-0.17284317452838, 51.4866324369869)",-0.17284317452837952,51.48663243698694
E02000713,"c(-0.221871777396981, 51.3874989371264)",-0.22187177739698075,51.38749893712635
E02000596,"c(-0.183975332591493, 51.4858450081431)",-0.1839753325914933,51.48584500814314
E02000714,"c(0.0229884732165117, 51.5524576743545)",0.022988473216511655,51.55245767435447
E02000597,"c(-0.181461396606346, 51.4807866814915)",-0.18146139660634591,51.48078668149145
E02000715,"c(0.060397240947163, 51.552253402034)",0.06039724094716305,51.552253402033955
E02000598,"c(-0.300861532692895, 51.4260739183027)",-0.30086153269289534,51.426073918302706
E02000716,"c(0.0465340008942305, 51.5551042028502)",0.046534000894230466,51.555104202850174
E02000599,"c(-0.262384663477269, 51.4214865222518)",-0.26238466347726913,51.42148652225178
E02000717,"c(0.0497072933540277, 51.5498096257083)",0.04970729335402773,51.549809625708306
E02000718,"c(0.0631856028651366, 51.5485510614655)",0.06318560286513664,51.548551061465496
E02000600,"c(-0.283275107955905, 51.4177959594696)",-0.28327510795590516,51.417795959469636
E02000719,"c(0.0135580312609858, 51.5492414536197)",0.013558031260985757,51.54924145361966
E02000787,"c(-0.282716384921664, 51.4700809597751)",-0.2827163849216641,51.470080959775146
E02000424,"c(-0.113933305808638, 51.5811412302631)",-0.11393330580863811,51.58114123026309
E02000601,"c(-0.299112102366982, 51.4170787918331)",-0.29911210236698177,51.4170787918331
E02000425,"c(-0.0680217567556094, 51.5789571838558)",-0.06802175675560938,51.57895718385576
E02000602,"c(-0.29230086113324, 51.4084887011379)",-0.29230086113324033,51.40848870113786
E02000426,"c(-0.156351304381176, 51.5787678177233)",-0.15635130438117562,51.578767817723275
E02000603,"c(-0.276628320856136, 51.4062162918754)",-0.2766283208561365,51.406216291875374
E02000788,"c(-0.266807279756312, 51.4641648004674)",-0.2668072797563118,51.46416480046741
E02000427,"c(-0.101538900444497, 51.5744327509622)",-0.10153890044449738,51.57443275096221
E02000604,"c(-0.25340787318011, 51.4036384182258)",-0.2534078731801097,51.40363841822576
E02000789,"c(-0.288019544935841, 51.456838756002)",-0.2880195449358411,51.45683875600196
E02000428,"c(-0.084586386782125, 51.5770914825044)",-0.08458638678212504,51.57709148250444
E02000605,"c(-0.26677935641558, 51.4010747139053)",-0.2667793564155804,51.401074713905345
E02000790,"c(-0.321476314969552, 51.4586742030356)",-0.3214763149695518,51.45867420303556
E02000429,"c(-0.132922562583534, 51.5780543201074)",-0.13292256258353377,51.578054320107405
E02000606,"c(-0.30341610615673, 51.4033221260094)",-0.3034161061567304,51.40332212600937
E02000791,"c(-0.301710573528686, 51.4574221869753)",-0.30171057352868624,51.45742218697526
E02000430,"c(-0.118864004751786, 51.5769057805264)",-0.11886400475178638,51.5769057805264
E02000607,"c(-0.288031275550292, 51.3986116877076)",-0.28803127555029223,51.39861168770765
E02000792,"c(-0.313838889871021, 51.4524938525567)",-0.31383888987102126,51.452493852556685
E02000431,"c(-0.142481869276593, 51.5731698420256)",-0.14248186927659326,51.57316984202564
E02000608,"c(-0.307095323784168, 51.3933445054457)",-0.3070953237841679,51.393344505445704
E02000720,"c(0.033061765456868, 51.5490785104834)",0.03306176545686796,51.549078510483376
E02000793,"c(-0.358828198222218, 51.4540039563106)",-0.3588281982222184,51.454003956310586
E02000432,"c(-0.108591983341685, 51.5724608544446)",-0.1085919833416848,51.57246085444465
E02000609,"c(-0.26074402083552, 51.3901923421568)",-0.26074402083552034,51.39019234215681
E02000721,"c(0.026612417888428, 51.54485520032)",0.026612417888427983,51.544855200320015
E02000794,"c(-0.338631658085116, 51.452490281929)",-0.33863165808511647,51.45249028192899
E02000433,"c(-0.318342330328549, 51.626071996787)",-0.318342330328549,51.626071996787026
E02000610,"c(-0.301491807760026, 51.3881662499471)",-0.3014918077600257,51.38816624994709
E02000722,"c(0.0129348797845429, 51.5440690527299)",0.012934879784542885,51.54406905272991
E02000434,"c(-0.293700793371616, 51.6122901674316)",-0.29370079337161553,51.61229016743157
E02000611,"c(-0.279829883106976, 51.3885244155768)",-0.27982988310697565,51.38852441557678
E02000723,"c(0.0516221682805521, 51.5427919887294)",0.051622168280552085,51.542791988729384
E02000796,"c(-0.371824327643948, 51.4483238949113)",-0.3718243276439476,51.448323894911255
E02000435,"c(-0.321638372126582, 51.6119150269785)",-0.3216383721265822,51.61191502697848
E02000612,"c(-0.249747769586207, 51.3869807669385)",-0.2497477695862069,51.386980766938514
E02000724,"c(0.0428666389884374, 51.5429656191271)",0.04286663898843741,51.54296561912708
E02000797,"c(-0.332417633413344, 51.4466997038227)",-0.3324176334133436,51.44669970382265
E02000436,"c(-0.359447523208233, 51.6164947946262)",-0.35944752320823287,51.61649479462618
E02000613,"c(-0.299569013780773, 51.3809324644853)",-0.29956901378077255,51.38093246448533
E02000725,"c(0.00276044490904954, 51.5425349927207)",0.00276044490904954,51.542534992720675
E02000798,"c(-0.35859096107387, 51.4394343827783)",-0.3585909610738704,51.43943438277831
E02000437,"c(-0.33886312048141, 51.6071943744832)",-0.3388631204814105,51.60719437448315
E02000614,"c(-0.279521084349843, 51.3760472086423)",-0.2795210843498427,51.376047208642284
E02000726,"c(-0.00818190161381083, 51.5395472010795)",-0.008181901613810827,51.539547201079465
E02000799,"c(-0.338883911050258, 51.4387123723764)",-0.3388839110502583,51.438712372376386
E02000438,"c(-0.365418250359873, 51.6065934470252)",-0.3654182503598731,51.60659344702516
E02000615,"c(-0.303825172635118, 51.3708192073394)",-0.3038251726351183,51.370819207339416
E02000727,"c(0.0368407150280606, 51.5395088614037)",0.03684071502806058,51.53950886140374
E02000800,"c(-0.319822881450314, 51.4379616831029)",-0.31982288145031434,51.437961683102934
E02000439,"c(-0.280128947383441, 51.6043727347411)",-0.28012894738344124,51.60437273474109
E02000616,"c(-0.29363993186682, 51.3619537073094)",-0.2936399318668202,51.361953707309425
E02000728,"c(0.0612025828892619, 51.5398720133007)",0.06120258288926193,51.53987201330072
E02000801,"c(-0.337194823086626, 51.4316113006656)",-0.3371948230866256,51.43161130066559
E02000440,"c(-0.311663747623261, 51.6049658093748)",-0.31166374762326093,51.604965809374804
E02000617,"c(-0.314470835327198, 51.3475216298265)",-0.3144708353271982,51.34752162982645
E02000729,"c(0.0190877183461439, 51.5384510889177)",0.019087718346143853,51.53845108891771
E02000802,"c(-0.354077095748949, 51.4271899028012)",-0.3540770957489485,51.42718990280118
E02000441,"c(-0.393582211708168, 51.605797961932)",-0.39358221170816776,51.60579796193201
E02000619,"c(-0.111951958216202, 51.4925335319649)",-0.11195195821620223,51.49253353196494
E02000730,"c(0.0288603156248934, 51.5380754732389)",0.028860315624893437,51.53807547323893
E02000803,"c(-0.374942179269217, 51.427885411029)",-0.3749421792692174,51.42788541102896
E02000442,"c(-0.286602573921064, 51.5997023300027)",-0.2866025739210636,51.59970233000266
E02000620,"c(-0.11542519251094, 51.4881829309087)",-0.1154251925109399,51.48818293090868
E02000621,"c(-0.123451141639179, 51.4816559005014)",-0.12345114163917949,51.481655900501444
E02000622,"c(-0.109748917340065, 51.4801299409503)",-0.10974891734006491,51.48012994095032
E02000623,"c(-0.125370745776467, 51.4765718786992)",-0.12537074577646673,51.47657187869916
E02000624,"c(-0.112734839332611, 51.4748854524081)",-0.11273483933261128,51.47488545240806
E02000625,"c(-0.130368997441004, 51.4719463634452)",-0.13036899744100444,51.471946363445234
E02000626,"c(-0.104337269472153, 51.4701728741434)",-0.10433726947215312,51.47017287414343
E02000627,"c(-0.122283881184378, 51.4682445797103)",-0.1222838811843784,51.46824457971033
E02000443,"c(-0.339117660059698, 51.5995530545587)",-0.33911766005969846,51.59955305455874
E02000444,"c(-0.302167560648853, 51.5979026645719)",-0.3021675606488528,51.59790266457186
E02000804,"c(-0.335739392972008, 51.4183245752205)",-0.33573939297200756,51.418324575220474
E02000445,"c(-0.32993285661097, 51.5953191385753)",-0.3299328566109696,51.595319138575334
E02000805,"c(-0.315420381869893, 51.4167033876704)",-0.31542038186989346,51.41670338767035
E02000447,"c(-0.358405825430878, 51.596845964062)",-0.35840582543087773,51.59684596406196
E02000806,"c(-0.350263386659722, 51.4094977221749)",-0.35026338665972245,51.40949772217493
E02000448,"c(-0.38212856954425, 51.5943549938813)",-0.3821285695442496,51.594354993881346
E02000807,"c(-0.0425213318445499, 51.5034291840749)",-0.04252133184454988,51.50342918407487
E02000449,"c(-0.292557833021685, 51.5905282549525)",-0.2925578330216847,51.59052825495252
E02000808,"c(-0.0971619422394776, 51.5041671450077)",-0.09716194223947763,51.50416714500767
E02000451,"c(-0.368108889867493, 51.5900098629159)",-0.36810888986749324,51.59000986291587
E02000809,"c(-0.0786740693451521, 51.5015713639826)",-0.0786740693451521,51.50157136398257
E02000452,"c(-0.338218315269931, 51.5881834915436)",-0.3382183152699309,51.588183491543596
E02000810,"c(-0.0688435509483262, 51.4973959023432)",-0.06884355094832621,51.497395902343165
E02000453,"c(-0.351117872872771, 51.5851153768041)",-0.35111787287277063,51.58511537680415
E02000812,"c(-0.0854262168460995, 51.4979701014192)",-0.08542621684609952,51.497970101419206
E02000454,"c(-0.384901967195816, 51.582917573918)",-0.3849019671958162,51.58291757391803
E02000813,"c(-0.0521373228087421, 51.4967384197265)",-0.05213732280874208,51.49673841972654
E02000455,"c(-0.330969148296285, 51.5808445337078)",-0.33096914829628504,51.580844533707754
E02000814,"c(-0.0386180073260036, 51.4970671961112)",-0.03861800732600355,51.497067196111196
E02000456,"c(-0.353930957129729, 51.5792607388156)",-0.35393095712972866,51.57926073881561
E02000815,"c(-0.0953530638562419, 51.4961689310909)",-0.09535306385624191,51.49616893109094
E02000457,"c(-0.368589733883939, 51.5771391943628)",-0.3685897338839387,51.57713919436281
E02000816,"c(-0.0651522074449932, 51.4905794667186)",-0.06515220744499317,51.49057946671855
E02000459,"c(-0.351959971308095, 51.5685923045443)",-0.35195997130809464,51.568592304544325
E02000817,"c(-0.0560143804727024, 51.4905940181579)",-0.056014380472702394,51.49059401815786
E02000460,"c(-0.36830653495792, 51.5672697339229)",-0.36830653495792026,51.567269733922934
E02000818,"c(-0.092186925971574, 51.4906836205189)",-0.09218692597157399,51.490683620518865
E02000461,"c(-0.336193573641975, 51.5679889857672)",-0.3361935736419754,51.56798898576716
E02000819,"c(-0.074419478947235, 51.490002516417)",-0.07441947894723501,51.49000251641702
E02000462,"c(-0.35968151693331, 51.5604920380431)",-0.3596815169333101,51.560492038043066
E02000820,"c(-0.102625985558202, 51.4877170511483)",-0.10262598555820165,51.48771705114834
E02000463,"c(-0.374056192435591, 51.5598286598185)",-0.3740561924355905,51.55982865981845
E02000821,"c(-0.0790686587254114, 51.4860498501473)",-0.07906865872541136,51.48604985014731
E02000464,"c(0.223047401548096, 51.6185599507735)",0.22304740154809552,51.61855995077353
E02000822,"c(-0.088461308846821, 51.4859569716936)",-0.08846130884682096,51.485956971693625
E02000465,"c(0.242067690438895, 51.60731981543)",0.2420676904388952,51.60731981543004
E02000823,"c(-0.0957493896884056, 51.4826157216507)",-0.0957493896884056,51.48261572165065
E02000466,"c(0.18446661168763, 51.6129831498127)",0.18446661168763034,51.61298314981269
E02000824,"c(-0.0637906886517741, 51.4816969526461)",-0.06379068865177413,51.4816969526461
E02000467,"c(0.219091271822689, 51.6037688179108)",0.21909127182268903,51.60376881791076
E02000825,"c(-0.0779470116300458, 51.4782336385141)",-0.07794701163004585,51.47823363851412
E02000468,"c(0.156316618137432, 51.6109076966401)",0.1563166181374317,51.61090769664012
E02000826,"c(-0.086672251769085, 51.476988993328)",-0.08667225176908497,51.47698899332805
E02000469,"c(0.205502606454613, 51.5989735820444)",0.20550260645461343,51.59897358204444
E02000827,"c(-0.0968087509207448, 51.4760724935623)",-0.09680875092074484,51.47607249356228
E02000470,"c(0.248919856436472, 51.5917071380929)",0.24891985643647166,51.591707138092886
E02000828,"c(-0.0673272314720443, 51.4746114544224)",-0.06732723147204427,51.47461145442242
E02000471,"c(0.184391749350968, 51.5948110264626)",0.18439174935096772,51.59481102646258
E02000829,"c(-0.0576875558352618, 51.4737147993197)",-0.057687555835261806,51.473714799319694
E02000472,"c(0.170015227284514, 51.5917024406941)",0.17001522728451424,51.5917024406941
E02000830,"c(-0.0836762074854281, 51.4691999507469)",-0.08367620748542809,51.46919995074692
E02000831,"c(-0.0719026778288048, 51.4680812075796)",-0.07190267782880481,51.46808120757962
E02000832,"c(-0.0587198513643215, 51.4652691133659)",-0.05871985136432148,51.465269113365935
E02000833,"c(-0.0863918881581713, 51.4617362285026)",-0.0863918881581713,51.46173622850258
E02000834,"c(-0.0679904835565432, 51.4586591230398)",-0.06799048355654323,51.458659123039794
E02000835,"c(-0.0511156298731617, 51.456355557924)",-0.05111562987316167,51.45635555792399
E02000836,"c(-0.0778959206924665, 51.4548032351358)",-0.07789592069246654,51.45480323513583
E02000939,"c(-0.157173398681981, 51.4527617756179)",-0.15717339868198085,51.45276177561793
E02000940,"c(-0.193663070519512, 51.4527108558276)",-0.1936630705195118,51.45271085582762
E02000941,"c(-0.182595781717081, 51.4523619027813)",-0.18259578171708105,51.45236190278135
E02000837,"c(-0.0878352743589725, 51.4490345911263)",-0.08783527435897248,51.449034591126306
E02000942,"c(-0.205651812817779, 51.4503115887225)",-0.20565181281777864,51.450311588722485
E02000943,"c(-0.153160960504308, 51.4483529953557)",-0.1531609605043081,51.448352995355656
E02000944,"c(-0.215570111417348, 51.4485483651733)",-0.21557011141734803,51.448548365173295
E02000945,"c(-0.238232683413357, 51.4421496574625)",-0.23823268341335685,51.44214965746249
E02000946,"c(-0.181829355952417, 51.4445198117972)",-0.18182935595241725,51.444519811797214
E02000947,"c(-0.198208240035498, 51.4447139137089)",-0.19820824003549753,51.44471391370887
E02000948,"c(-0.144576290456937, 51.4377760372603)",-0.14457629045693707,51.43777603726027
E02000949,"c(-0.167538887280183, 51.4410980953977)",-0.1675388872801828,51.4410980953977
E02000950,"c(-0.214900551173754, 51.4413460238179)",-0.21490055117375423,51.44134602381795
E02000951,"c(-0.158599068474825, 51.4380704934548)",-0.15859906847482452,51.438070493454795
E02000952,"c(-0.152207975375316, 51.4361629912151)",-0.15220797537531605,51.43616299121514
E02000953,"c(-0.184092242659622, 51.4357617375898)",-0.18409224265962196,51.43576173758981
E02000954,"c(-0.161877942142574, 51.4323739115164)",-0.16187794214257437,51.432373911516365
E02000955,"c(-0.166861097643602, 51.4308328143412)",-0.16686109764360163,51.43083281434117
E02000956,"c(-0.177182243527822, 51.4281306098289)",-0.1771822435278223,51.4281306098289
E02000957,"c(-0.16435562382386, 51.4244486318555)",-0.16435562382386032,51.424448631855476
E02000958,"c(-0.149058079804416, 51.4253297901752)",-0.14905807980441577,51.425329790175184
E02000959,"c(-0.14234351087426, 51.4232185909375)",-0.14234351087426036,51.42321859093746
E02000960,"c(-0.164964589426557, 51.5350260101762)",-0.1649645894265567,51.5350260101762
E02000961,"c(-0.183852639092877, 51.5340546372202)",-0.18385263909287697,51.53405463722023
E02000962,"c(-0.173470815528896, 51.5295347596057)",-0.17347081552889582,51.52953475960571
E02000963,"c(-0.20937239821984, 51.529077957756)",-0.20937239821984044,51.529077957755966
E02000964,"c(-0.201279626598474, 51.5278717019865)",-0.20127962659847418,51.52787170198654
E02000965,"c(-0.191532439621803, 51.5271472599591)",-0.19153243962180277,51.52714725995914
E02000966,"c(-0.182974352624201, 51.525089846394)",-0.18297435262420106,51.525089846393996
E02000967,"c(-0.157921458365251, 51.5273525277685)",-0.15792145836525137,51.52735252776853
E02000968,"c(-0.171294680813696, 51.523219369225)",-0.17129468081369603,51.52321936922496
E02000969,"c(-0.193130304532078, 51.5213325773159)",-0.19313030453207808,51.52133257731586
E02000970,"c(-0.151390762849241, 51.5169222758628)",-0.15139076284924086,51.516922275862804
E02000971,"c(-0.161988168771612, 51.5182350310561)",-0.16198816877161248,51.518235031056136
E02000972,"c(-0.139754515255091, 51.5152256399454)",-0.13975451525509053,51.515225639945356
E02000973,"c(-0.193357089346667, 51.5172840303286)",-0.19335708934666704,51.51728403032861
E02000974,"c(-0.17070593425534, 51.5159320204282)",-0.17070593425533986,51.515932020428224
E02000975,"c(-0.179853280991949, 51.5149495401056)",-0.17985328099194947,51.51494954010562
E02000976,"c(-0.187665937904858, 51.5135541728223)",-0.18766593790485817,51.5135541728223
E02000977,"c(-0.1335793250371, 51.5078294751379)",-0.13357932503710013,51.507829475137854
E02000978,"c(-0.166753655132969, 51.5043964127065)",-0.1667536551329693,51.504396412706456
E02000979,"c(-0.134484799440155, 51.4988796819255)",-0.13448479944015512,51.49887968192551
E02000980,"c(-0.130948403536157, 51.4920804882857)",-0.13094840353615744,51.49208048828565
E02000981,"c(-0.141533465315324, 51.4906056569344)",-0.14153346531532415,51.49060565693441
E02000982,"c(-0.148223747396637, 51.4907709607776)",-0.14822374739663702,51.490770960777645
E02000983,"c(-0.136073475543761, 51.487280170531)",-0.1360734755437613,51.48728017053095
E02000888,"c(-0.0480943919527449, 51.5106645083785)",-0.04809439195274492,51.51066450837853
E02000838,"c(-0.0672435502292342, 51.4483301523268)",-0.06724355022923417,51.44833015232677
E02000889,"c(-0.0637131209462726, 51.5082285999892)",-0.0637131209462726,51.508228599989195
E02000839,"c(-0.0787023803881829, 51.4344357000544)",-0.07870238038818286,51.434435700054365
E02000890,"c(-0.0653774444139759, 51.5065721226187)",-0.0653774444139759,51.506572122618685
E02000840,"c(-0.169278884543148, 51.3869361796331)",-0.16927888454314777,51.386936179633146
E02000891,"c(-0.00733913742852431, 51.5048028978083)",-0.007339137428524311,51.504802897808304
E02000841,"c(-0.186058502519627, 51.3829944534918)",-0.1860585025196273,51.38299445349184
E02000893,"c(-0.00909681859446351, 51.4913501746677)",-0.009096818594463511,51.491350174667666
E02000842,"c(-0.208786360934547, 51.380107133726)",-0.20878636093454694,51.380107133725964
E02000894,"c(-0.0196772285052119, 51.4902087557016)",-0.019677228505211877,51.490208755701566
E02000895,"c(-0.00922852369537325, 51.6349313736066)",-0.009228523695373253,51.63493137360661
E02000896,"c(0.00984134898475835, 51.6331598456831)",0.009841348984758354,51.633159845683075
E02000897,"c(0.0109642503262814, 51.6190432620257)",0.01096425032628138,51.61904326202566
E02000898,"c(-0.00570947346998292, 51.6183872321299)",-0.005709473469982918,51.61838723212989
E02000899,"c(-0.017630555454944, 51.6184490553999)",-0.01763055545494404,51.618449055399886
E02000900,"c(-0.0253395001076713, 51.6113685259148)",-0.02533950010767134,51.6113685259148
E02000901,"c(0.00512750540049101, 51.6074231768387)",0.005127505400491005,51.60742317683867
E02000902,"c(-0.0105934639858326, 51.6038964769547)",-0.010593463985832639,51.60389647695467
E02000903,"c(-0.0328986884776467, 51.6009247652319)",-0.03289868847764673,51.60092476523194
E02000904,"c(0.00222687800986386, 51.5970873265247)",0.002226878009863864,51.59708732652471
E02000905,"c(-0.0183243804077921, 51.5938723339636)",-0.018324380407792093,51.593872333963596
E02000906,"c(-0.0278181132681683, 51.5906614267629)",-0.027818113268168333,51.59066142676286
E02000907,"c(-0.00481428415418152, 51.5884615226876)",-0.004814284154181521,51.588461522687616
E02000908,"c(-0.04428868511088, 51.588953711189)",-0.04428868511088002,51.58895371118904
E02000909,"c(0.001530373691035, 51.5854536346076)",0.001530373691034999,51.58545363460756
E02000910,"c(-0.0179768435838958, 51.5822684471811)",-0.01797684358389575,51.58226844718114
E02000911,"c(-0.0295200556553783, 51.5820529721652)",-0.029520055655378286,51.58205297216523
E02000912,"c(-0.043346846404872, 51.5761071572296)",-0.04334684640487204,51.57610715722957
E02000913,"c(-0.00111853982786431, 51.5755076637126)",-0.001118539827864309,51.57550766371258
E02000914,"c(-0.0134946501402295, 51.5741478051686)",-0.013494650140229459,51.57414780516865
E02000915,"c(0.00849250207000495, 51.5751094648473)",0.008492502070004945,51.57510946484728
E02000916,"c(-0.0351910369470493, 51.5675225819196)",-0.035191036947049344,51.567522581919576
E02000917,"c(-0.00900821462243412, 51.5665063968057)",-0.00900821462243412,51.56650639680572
E02000918,"c(0.0118090442374461, 51.5659909758237)",0.011809044237446057,51.565990975823745
E02000919,"c(-0.00367110656056948, 51.56218281369)",-0.0036711065605694797,51.56218281369003
E02000920,"c(-0.015818966918133, 51.5589471241434)",-0.01581896691813303,51.5589471241434
E02000921,"c(0.00203238220349268, 51.5572869679464)",0.0020323822034926794,51.55728696794638
E02000922,"c(0.0121321452966204, 51.5558374608474)",0.012132145296620376,51.55583746084744
E02000923,"c(-0.161242279436207, 51.4780908932547)",-0.16124227943620711,51.47809089325472
E02000924,"c(-0.142720217900505, 51.4776608188613)",-0.14272021790050515,51.477660818861295
E02000925,"c(-0.1625770856824, 51.4732870864818)",-0.16257708568239954,51.47328708648185
E02000926,"c(-0.175271036114449, 51.4710028242003)",-0.17527103611444933,51.47100282420031
E02000927,"c(-0.154027336829753, 51.4678897393699)",-0.1540273368297529,51.46788973936992
E02000928,"c(-0.225232369716915, 51.4673738085556)",-0.2252323697169154,51.46737380855561
E02000929,"c(-0.176906873505032, 51.4657735577176)",-0.17690687350503168,51.46577355771758
E02000930,"c(-0.165438493861537, 51.4661895003066)",-0.16543849386153656,51.46618950030659
E02000931,"c(-0.156541020264738, 51.4603623276697)",-0.15654102026473812,51.460362327669706
E02000932,"c(-0.202856033243932, 51.4612103363557)",-0.20285603324393167,51.46121033635572
E02000933,"c(-0.230473288719969, 51.4610135770603)",-0.23047328871996853,51.46101357706029
E02000934,"c(-0.178936991658749, 51.4607394517594)",-0.17893699165874877,51.460739451759395
E02000935,"c(-0.250140738031246, 51.4580961939859)",-0.2501407380312463,51.45809619398594
E02000936,"c(-0.215992434158609, 51.4558429880411)",-0.21599243415860875,51.4558429880411
E02000937,"c(-0.168575677109882, 51.4526549554136)",-0.16857567710988242,51.45265495541362
E02000938,"c(-0.232585978376054, 51.4526871041236)",-0.23258597837605366,51.4526871041236
E02000843,"c(-0.160282170538217, 51.3779000330741)",-0.1602821705382165,51.377900033074106
E02000844,"c(-0.171486577078201, 51.3768041409338)",-0.17148657707820134,51.37680414093379
E02000845,"c(-0.238215000251134, 51.3796332449079)",-0.23821500025113443,51.37963324490791
E02000846,"c(-0.192624809271789, 51.376291034245)",-0.1926248092717895,51.37629103424502
E02000847,"c(-0.230969955371811, 51.3747288866462)",-0.2309699553718114,51.37472888664618
E02000848,"c(-0.21900017802587, 51.3706832247518)",-0.21900017802586977,51.370683224751836
E02000849,"c(-0.150965549218478, 51.3689530004019)",-0.15096554921847843,51.36895300040194
E02000850,"c(-0.137879546253956, 51.3763604204212)",-0.1378795462539558,51.376360420421165
E02000851,"c(-0.191137395825796, 51.3668083084255)",-0.191137395825796,51.36680830842552
E02000852,"c(-0.179986234223569, 51.3673759994841)",-0.17998623422356938,51.367375999484075
E02000853,"c(-0.205968150818506, 51.3667566632639)",-0.20596815081850559,51.36675666326391
E02000854,"c(-0.167652453605786, 51.3638354102003)",-0.1676524536057859,51.3638354102003
E02000855,"c(-0.218520128549521, 51.3588201106061)",-0.21852012854952108,51.358820110606075
E02000856,"c(-0.145691753179032, 51.3576464758222)",-0.14569175317903243,51.357646475822236
E02000857,"c(-0.198254048516562, 51.3576803510021)",-0.1982540485165615,51.35768035100208
E02000858,"c(-0.129867274523039, 51.3562844484254)",-0.12986727452303856,51.35628444842544
E02000859,"c(-0.156755181612382, 51.3536877001617)",-0.15675518161238203,51.35368770016165
E02000860,"c(-0.189343519527163, 51.3537842684006)",-0.18934351952716297,51.35378426840058
E02000861,"c(-0.179798683660965, 51.3492764220746)",-0.17979868366096513,51.349276422074574
E02000863,"c(-0.155299660709352, 51.3388056073703)",-0.15529966070935167,51.3388056073703
E02000864,"c(-0.0288295030044174, 51.5386460246469)",-0.028829503004417372,51.53864602464692
E02000865,"c(-0.0540798109125421, 51.5319217303379)",-0.05407981091254206,51.531921730337885
E02000866,"c(-0.0389615858811162, 51.5319362319399)",-0.03896158588111622,51.531936231939916
E02000867,"c(-0.0231304061258402, 51.5316974458703)",-0.023130406125840157,51.531697445870314
E02000868,"c(-0.0619346487446994, 51.5303128289385)",-0.06193464874469944,51.53031282893851
E02000869,"c(-0.0713822227650279, 51.5283937654386)",-0.07138222276502787,51.528393765438636
E02000870,"c(-0.04869167021445, 51.5276080752405)",-0.04869167021444995,51.527608075240494
E02000871,"c(-0.0138401404391866, 51.5251255926261)",-0.013840140439186601,51.525125592626125
E02000872,"c(-0.0693139647373059, 51.5245945881518)",-0.06931396473730594,51.52459458815184
E02000873,"c(-0.0420860053099399, 51.525134769428)",-0.042086005309939854,51.52513476942804
E02000874,"c(-0.0529159097451906, 51.5246949216329)",-0.052915909745190566,51.52469492163287
E02000875,"c(-0.0220945521150992, 51.5223792578185)",-0.022094552115099236,51.52237925781851
E02000876,"c(-0.0589766383021122, 51.5225996484145)",-0.05897663830211224,51.52259964841448
E02000877,"c(-0.0301897234569057, 51.5201958204657)",-0.030189723456905685,51.52019582046567
E02000878,"c(-0.0716370885776328, 51.5190140940983)",-0.0716370885776328,51.51901409409831
E02000879,"c(-0.048139875910034, 51.5173354950871)",-0.048139875910033984,51.517335495087075
E02000880,"c(-0.0559348375987371, 51.51737599683)",-0.055934837598737054,51.51737599683
E02000881,"c(-0.00849253261143118, 51.5164391773954)",-0.008492532611431175,51.516439177395405
E02000882,"c(-0.039760040745933, 51.5167423586621)",-0.039760040745933,51.516742358662114
E02000883,"c(-0.013392066136658, 51.5135067145146)",-0.013392066136658044,51.51350671451458
E02000884,"c(-0.066497890847892, 51.5141998966127)",-0.06649789084789202,51.514199896612666
E02000885,"c(-0.0533812632042097, 51.5125558835706)",-0.05338126320420973,51.51255588357061
E02000886,"c(-0.0316012456121848, 51.5117083916715)",-0.03160124561218484,51.511708391671476
E02000887,"c(-0.0210553627168115, 51.5113469324166)",-0.021055362716811472,51.5113469324166
E02006882,"c(-0.313681142545407, 51.5906379569577)",-0.31368114254540747,51.59063795695772
E02006918,"c(-0.0515708077593038, 51.5638241780733)",-0.051570807759303755,51.56382417807327
E02006921,"c(-0.0596856833244399, 51.566234078252)",-0.05968568332443986,51.56623407825204
E02006924,"c(0.0591699372447929, 51.5706948228461)",0.059169937244792914,51.57069482284611
E02006925,"c(0.0521173154184053, 51.5850566142197)",0.05211731541840526,51.58505661421965
E02006927,"c(0.0236520779840888, 51.4580922065436)",0.023652077984088752,51.45809220654363
E02006928,"c(-0.0184009475643043, 51.4807711784067)",-0.018400947564304347,51.480771178406734
E02006929,"c(0.0115981057232989, 51.4934044171726)",0.011598105723298875,51.493404417172634
E02006930,"c(0.011708600218121, 51.486163103819)",0.01170860021812104,51.48616310381899
E02006931,"c(-0.00534506321088296, 51.4763391107253)",-0.0053450632108829645,51.47633911072532
E02006836,"c(-0.211130976421395, 51.3428261807776)",-0.21113097642139492,51.34282618077764
E02006782,"c(0.0245057530250095, 51.4200806427268)",0.024505753025009493,51.42008064272675
E02006783,"c(0.010783938226562, 51.427823480358)",0.010783938226561998,51.42782348035802
E02006784,"c(-0.00428957378214397, 51.4221169698579)",-0.004289573782143971,51.4221169698579
E02006785,"c(0.0992052462598691, 51.4698476285919)",0.0992052462598691,51.46984762859186
E02006786,"c(0.101660296381555, 51.4795608025197)",0.10166029638155538,51.4795608025197
E02006787,"c(-0.040409152657328, 51.399227529325)",-0.04040915265732797,51.39922752932502
E02006788,"c(-0.0581890077977373, 51.393918715719)",-0.05818900779773726,51.393918715718975
E02006789,"c(0.0476226085112045, 51.3214053169536)",0.047622608511204485,51.32140531695356
E02006791,"c(-0.265566585265928, 51.4984530521364)",-0.2655665852659277,51.498453052136426
E02006792,"c(-0.272794537908868, 51.4936889490787)",-0.27279453790886765,51.49368894907866
E02006793,"c(-0.0761859731911405, 51.6120435939449)",-0.07618597319114045,51.61204359394488
E02006794,"c(-0.0691512416261923, 51.6041321836076)",-0.06915124162619228,51.60413218360759
E02006795,"c(-0.37640122061579, 51.5708904497114)",-0.37640122061579034,51.57089044971137
E02006796,"c(-0.398358890791721, 51.5533592640393)",-0.398358890791721,51.5533592640393
E02006798,"c(-0.0318095443653736, 51.4784729217228)",-0.03180954436537364,51.47847292172281
E02006799,"c(0.127121743220121, 51.5608551060906)",0.12712174322012113,51.5608551060906
E02006800,"c(0.110703090661549, 51.5616387472172)",0.11070309066154894,51.56163874721721
E02006801,"c(-0.113979844753659, 51.5014280866546)",-0.11397984475365854,51.50142808665462
E02006802,"c(-0.104658909269901, 51.4980576501759)",-0.10465890926990119,51.49805765017585
E02006853,"c(-0.0219131440158332, 51.496603321659)",-0.021913144015833236,51.49660332165903
E02006854,"c(-0.0214667088985814, 51.504213394887)",-0.02146670889858144,51.504213394887046
E02000524,"c(-0.465593219229995, 51.4768411778648)",-0.4655932192299951,51.476841177864785
E02000030,"c(-0.227752196836227, 51.6384043205755)",-0.2277521968362273,51.63840432057552
E02000532,"c(-0.260226750741715, 51.4814574578013)",-0.2602267507417148,51.48145745780132
E02000160,"c(0.0111080125641037, 51.3655975749988)",0.011108012564103705,51.36559757499877
E02000357,"c(-0.0320498015228754, 51.5563575459555)",-0.03204980152287537,51.55635754595552
E02000279,"c(-0.0209296426773556, 51.6723959991498)",-0.020929642677355587,51.67239599914985
