Area of residence,Area of workplace,All categories: Method of travel to work,Work mainly at or from home,"Underground, metro, light rail, tram",Train,"Bus, minibus or coach",Taxi,"Motorcycle, scooter or moped",Driving a car or van,Passenger in a car or van,Bicycle,On foot,Other method of travel to work,dist,slope,perc_cycle,prob_cycle,non_active,cycle_added_unweighted,cycling_increase,potential_demand,cycle_fraction
E02005940,E02005940,78,0,0,1,4,0,1,26,2,19,25,0,0,0.014383029887343482,0.24358974358974358,0.03761502366080184,34,1.2789108044672626,1.1460049514827746,20,0.2564102564102564
E02005940,E02005941,119,0,0,4,9,0,0,42,2,33,29,0,1244.0801239842071,0.011527007917241209,0.2773109243697479,0.24023604585267969,57,13.693454613602743,12.270415368513753,45,0.37815126050420167
E02005940,E02005942,103,0,0,1,22,0,1,35,2,31,11,0,2015.4511395237105,0.009479390166245025,0.30097087378640774,0.2897937167267623,61,17.6774167203325,15.84035964053348,47,0.4563106796116505
E02005940,E02005945,129,0,0,0,21,0,2,67,4,27,8,0,5664.034892933039,0.014992692827653309,0.20930232558139536,0.19835870862909744,94,18.64571861113516,16.708034506922793,44,0.34108527131782945
E02005940,E02005946,16,0,0,0,1,0,0,11,2,2,0,0,6865.83704039351,0.013585638606081658,0.125,0.1570700007730913,14,2.198980010823278,1.9704595283834976,4,0.25
E02005940,E02005947,609,0,0,4,225,0,6,90,11,242,31,0,3975.78260388667,0.008176944499681147,0.3973727422003284,0.29063232317252446,336,97.65246058596821,87.50430676251334,330,0.541871921182266
E02005940,E02005948,123,0,0,0,37,0,2,27,3,44,10,0,4393.852303157863,0.010065914959384257,0.35772357723577236,0.2680282170470367,69,18.493946976245535,16.572035151478616,61,0.4959349593495935
E02005940,E02005949,87,0,0,0,15,0,1,42,5,23,1,0,7587.561120428493,0.01442009530787798,0.26436781609195403,0.1275296092940097,63,8.03436538552261,7.199425074578305,30,0.3448275862068966
E02005940,E02005950,55,0,0,0,12,0,0,24,2,14,3,0,5816.575018724068,0.009625733785336653,0.2545454545454545,0.21597838641802253,38,8.207178683884855,7.354279420099062,21,0.38181818181818183
E02005940,E02005952,79,0,0,0,9,0,1,51,5,12,0,1,8215.78603072224,0.0124390487685148,0.1518987341772152,0.11152520247402266,67,7.472188565759518,6.695670303872688,19,0.24050632911392406
E02005940,E02005954,56,0,0,0,9,0,1,34,3,7,2,0,8124.533982490118,0.01039247851033299,0.125,0.12030612795328856,47,5.654388013804562,5.066777635148794,12,0.21428571428571427
E02005940,E02005955,28,0,0,0,3,0,2,19,0,4,0,0,9024.77832348553,0.01205198356791366,0.14285714285714285,0.08736865995910914,24,2.0968478390186194,1.8789410470437582,6,0.21428571428571427
E02005940,E02005956,12,0,0,0,1,0,0,10,1,0,0,0,10172.496372658818,0.010474358029548684,0,0.061197566145314554,12,0.7343707937437747,0.6580541527329352,1,0.08333333333333333
E02005940,E02005978,12,0,0,0,1,0,0,10,0,1,0,0,7759.0987272261855,0.01483140574805015,0.08333333333333333,0.12036283321903318,11,1.323991165409365,1.1864005104801827,2,0.16666666666666666
E02005940,E02005979,24,0,0,1,2,0,0,18,0,3,0,0,7260.228187352764,0.019052030842452838,0.125,0.12503882380351344,21,2.6258152998737825,2.352937612868224,5,0.20833333333333334
E02005941,E02005940,24,0,0,0,2,0,0,6,0,4,12,0,1244.080123984207,0.010158069716701355,0.16666666666666666,0.24702940381185753,8,1.9762352304948603,1.7708626368085276,6,0.25
E02005941,E02005941,259,0,0,5,9,0,0,30,3,54,157,1,0,0.010391520402958309,0.2084942084942085,0.041705775843889896,48,2.001877240506715,1.7938399002243273,56,0.21621621621621623
E02005941,E02005942,122,0,0,0,2,0,0,21,2,45,52,0,1580.5406604759187,0.01329243227078418,0.36885245901639346,0.25215599362332436,25,6.303899840583109,5.648791460456102,51,0.4180327868852459
E02005941,E02005945,195,0,0,2,42,0,1,83,4,58,5,0,4624.332447625041,0.009734090257142293,0.29743589743589743,0.26207328370860966,132,34.593673449536475,30.99865989455077,89,0.4564102564102564
E02005941,E02005946,13,0,0,0,0,0,0,10,0,2,0,1,6149.170638553276,0.01124185423309637,0.15384615384615385,0.19501379150509826,11,2.145151706556081,1.922225122196097,4,0.3076923076923077
E02005941,E02005947,728,0,1,3,209,2,4,70,9,342,88,0,3540.872124838879,0.01152723386335681,0.4697802197802198,0.2820057768634464,298,84.03772150530703,75.30442671999302,417,0.5728021978021978
E02005941,E02005948,133,0,0,0,35,0,0,15,5,58,20,0,3958.9418241100725,0.014383029887343482,0.43609022556390975,0.25783077090548345,55,14.18069239980159,12.707018854529323,71,0.5338345864661654
E02005941,E02005949,105,0,0,0,29,0,0,42,0,33,1,0,6409.148779966068,0.00615840591958132,0.3142857142857143,0.20575357652153603,71,14.608503933029057,13.090371730795265,46,0.4380952380952381
E02005941,E02005950,55,0,0,0,7,1,1,26,1,14,5,0,5049.451307809455,0.01531522668892206,0.2545454545454545,0.2196509298532045,36,7.907433474715362,7.085684071078948,21,0.38181818181818183
E02005941,E02005951,14,0,0,0,1,0,0,10,0,3,0,0,5173.774848596323,0.013432302559590851,0.21428571428571427,0.22389227228745254,11,2.462814995161978,2.2068764836319743,5,0.35714285714285715
E02005941,E02005952,77,0,0,0,8,0,4,46,1,14,4,0,7826.193311978856,0.009427280809544318,0.18181818181818182,0.13409790209713104,59,7.911776223730731,7.08957551671947,21,0.2727272727272727
E02005941,E02005954,62,0,0,0,16,0,0,30,2,14,0,0,7357.410271575505,0.008796423530023353,0.22580645161290322,0.1545544818033835,48,7.418615126562408,6.647664276889887,21,0.3387096774193548
E02005941,E02005955,31,0,0,0,3,0,0,18,4,1,5,0,8589.867844437742,0.014553780219175232,0.03225806451612903,0.09447919749287954,25,2.3619799373219887,2.1165203187109847,3,0.0967741935483871
E02005941,E02005956,16,0,0,0,3,0,0,10,0,2,0,1,9405.372661744206,0.00984302691873645,0.125,0.0812956036631388,14,1.1381384512839432,1.0198618199864642,3,0.1875
E02005941,E02005979,32,0,0,0,7,0,0,20,2,2,0,1,6825.31770830497,0.012944461286352946,0.0625,0.16095902050465677,30,4.828770615139703,4.326959327573869,6,0.1875
E02005942,E02005940,12,0,0,0,3,0,0,3,0,5,1,0,2015.4511395237107,0.010639035884310432,0.4166666666666667,0.2834084907307546,6,1.7004509443845275,1.5237381647033477,7,0.5833333333333334
E02005942,E02005941,67,0,0,1,1,0,0,18,0,24,22,1,1588.0744175914374,0.012489638724040594,0.3582089552238806,0.25663774025540603,21,5.389392545363527,4.829320794614535,29,0.43283582089552236
E02005942,E02005942,131,0,0,3,0,0,0,24,2,48,54,0,0,0.010671061954667138,0.366412213740458,0.041405930108784024,29,1.2007719731547366,1.0759863956347506,49,0.37404580152671757
E02005942,E02005945,119,0,0,2,24,0,4,44,4,36,4,1,4340.732811228732,0.014461124841542241,0.3025210084033613,0.2470412509897091,79,19.51625882818702,17.488107202940007,53,0.44537815126050423
E02005942,E02005946,11,0,0,0,3,0,0,7,0,1,0,0,6102.177073805884,0.018953441769378708,0.09090909090909091,0.16615548143251632,10,1.6615548143251633,1.4888841643415964,2,0.18181818181818182
E02005942,E02005947,805,0,0,2,91,0,1,54,5,374,275,3,1969.6373111325752,0.01104811409233859,0.4645962732919255,0.2797886153224977,156,43.64702399030964,39.11117603797106,413,0.5130434782608696
E02005942,E02005948,112,0,0,0,2,0,0,12,0,57,41,0,2511.8897128953286,0.00939870469180685,0.5089285714285714,0.2997573498699294,14,4.1966028981790116,3.7604871926337826,61,0.5446428571428571
E02005942,E02005949,91,0,0,3,15,0,2,29,1,39,2,0,5933.780545117702,0.01310511535432704,0.42857142857142855,0.1958684685183374,50,9.79342342591687,8.775679819784823,48,0.5274725274725275
E02005942,E02005950,38,0,0,0,3,0,0,12,1,17,5,0,3810.4297259699697,0.009944955702302727,0.4473684210526316,0.2850356691153457,16,4.560570705845532,4.086631055293471,21,0.5526315789473685
E02005942,E02005952,49,0,0,0,5,0,0,37,1,4,2,0,6209.640737968143,0.011492371366704368,0.08163265306122448,0.19146942093872707,43,8.233185100365263,7.377583220452274,11,0.22448979591836735
E02005942,E02005954,43,0,0,1,4,0,1,26,2,8,1,0,6118.388689736023,0.00947974288821826,0.18604651162790697,0.20387933633636807,34,6.931897435436515,6.211526837080796,14,0.32558139534883723
E02005942,E02005955,37,0,0,0,4,0,1,24,1,6,1,0,7018.633030731437,0.006158607799029989,0.16216216216216217,0.17868547696572737,30,5.360564308971821,4.803488421057278,11,0.2972972972972973
E02005942,E02005979,30,0,0,0,0,0,1,19,0,9,1,0,5378.265597090224,0.014383029887343482,0.3,0.2118790872715828,20,4.2375817454316564,3.7972074718694793,13,0.43333333333333335
E02005943,E02005940,18,0,0,0,4,0,0,10,0,4,0,0,4656.556097260135,0.015119674882510429,0.2222222222222222,0.23396108623336354,14,3.2754552072670897,2.9350662085083736,7,0.3888888888888889
E02005943,E02005941,44,0,0,0,2,0,0,17,4,19,2,0,3602.4583404123723,0.014684320828365164,0.4318181818181818,0.26400328347286856,23,6.072075519875977,5.441058584577262,24,0.5454545454545454
E02005943,E02005942,80,0,0,0,3,0,1,31,1,41,3,0,3080.405548741078,0.006805665933114999,0.5125,0.3148212940414825,36,11.33356658549337,10.155769565451035,51,0.6375
E02005943,E02005943,84,0,0,0,4,0,2,24,0,21,33,0,0,0.009701158651086722,0.25,0.04245520369600417,30,1.273656110880125,1.1412963315787517,22,0.2619047619047619
E02005943,E02005944,11,0,0,0,3,0,0,7,1,0,0,0,3118.4926466940688,0.017152936587873705,0,0.25771819201319224,11,2.8349001121451147,2.5402940956704825,3,0.2727272727272727
E02005943,E02005945,384,0,0,2,48,1,2,81,25,106,119,0,1384.2714366212645,0.009706803745745847,0.2760416666666667,0.25919449960787055,159,41.211925437651416,36.929135672882964,143,0.3723958333333333
E02005943,E02005946,32,0,0,0,10,0,0,12,1,5,4,0,3335.426598739479,0.01343023261527192,0.15625,0.2749614009952031,23,6.324112222889672,5.666903349200549,11,0.34375
E02005943,E02005947,726,0,0,2,144,1,12,75,21,346,123,2,2602.3320668775627,0.010703306354922722,0.4765840220385675,0.29313978210129343,257,75.33692400003241,67.5078259030602,414,0.5702479338842975
E02005943,E02005948,113,0,0,1,21,1,1,22,8,42,16,1,3568.508113439364,0.012873518892627943,0.37168141592920356,0.27422234139826807,55,15.082228776904744,13.514866554691984,56,0.49557522123893805
E02005943,E02005949,159,0,0,0,26,0,5,30,4,59,34,1,3169.0877689622926,0.010722281455934308,0.3710691823899371,0.29173394427558424,66,19.25444032218856,17.25349717132874,76,0.4779874213836478
E02005943,E02005950,99,0,0,0,12,1,1,31,4,38,12,0,2335.8314737175274,0.016290021710743084,0.3838383838383838,0.2602376170434883,49,12.751643235130926,11.42647809054141,49,0.494949494949495
E02005943,E02005952,143,0,0,0,15,1,6,95,6,17,3,0,4586.1323009750795,0.022186493441968408,0.11888111888111888,0.20362794555254038,123,25.046237302962467,22.443404078648,39,0.2727272727272727
E02005943,E02005953,17,0,0,0,3,0,0,8,1,3,2,0,3349.8745744497755,0.010573303734975625,0.17647058823529413,0.290358413530419,12,3.4843009623650283,3.122208477228274,6,0.35294117647058826
E02005943,E02005954,89,0,0,1,12,0,0,46,1,23,6,0,4643.79043748358,0.009425536330609122,0.25842696629213485,0.26300357624572596,60,15.780214574743557,14.140316881324525,37,0.4157303370786517
E02005943,E02005955,39,0,0,0,1,0,0,22,6,10,0,0,5836.2262424066685,0.014349331660313092,0.2564102564102564,0.1944505793378124,29,5.639066800796559,5.0530486198737945,15,0.38461538461538464
E02005943,E02005956,11,0,0,0,1,0,0,9,0,1,0,0,6691.752827652283,0.009854841589952255,0.09090909090909091,0.1780813070429672,10,1.780813070429672,1.5957489679882424,3,0.2727272727272727
E02005943,E02005957,11,0,0,0,0,0,0,4,0,6,1,0,7639.006178610201,0.01164047943337312,0.5454545454545454,0.13417932575814054,4,0.5367173030325622,0.4809410356635561,6,0.5454545454545454
E02005943,E02005979,28,0,0,0,2,0,0,17,1,7,1,0,6540.691242076442,0.010392153662600472,0.25,0.18225133076699004,20,3.645026615339801,3.2662313391010516,10,0.35714285714285715
E02005944,E02005940,14,0,0,0,4,0,0,4,2,4,0,0,6718.682207858662,0.0093988674034944791,0.2857142857142857,0.17875158758723203,10,1.7875158758723204,1.6017552103307648,6,0.42857142857142855
E02005944,E02005941,43,0,0,0,12,0,0,13,1,14,3,0,6002.015806018428,0.009425536330609122,0.32558139534883723,0.20905790970525115,26,5.43550565233653,4.8706417755107205,19,0.4418604651162791
E02005944,E02005942,42,0,0,0,9,0,2,18,5,5,3,0,5955.022241271034,0.025722466753239578,0.11904761904761904,0.14710261210458067,34,5.001488811555743,4.481728454249914,9,0.21428571428571427
E02005944,E02005943,21,0,0,0,3,0,0,9,1,3,5,0,3119.687985559388,0.025695912106592587,0.14285714285714285,0.21619409376045984,13,2.8105232188859777,2.5184504766478293,6,0.2857142857142857
E02005944,E02005944,53,0,0,0,9,0,0,10,2,2,29,1,0,0.010364788589075384,0.03773584905660377,0.04173455785239826,22,0.9181602727527618,0.822744021830159,3,0.05660377358490566
E02005944,E02005945,524,0,0,0,100,2,4,94,25,75,224,0,1850.0212468545508,0.011562518343149569,0.1431297709923664,0.272933617188861,225,61.410063867493726,55.02826078034179,130,0.2480916030534351
E02005944,E02005946,87,0,0,0,13,0,0,22,0,13,39,0,450.66021113302406,0.018801107557203274,0.14942528735632185,0.12922574364475561,35,4.522901027566446,4.052876052459964,17,0.19540229885057472
E02005944,E02005947,468,0,0,0,247,0,9,90,15,72,35,0,5081.761901899109,0.011010432782694606,0.15384615384615385,0.23894477419974003,361,86.25906348610616,77.29492433721565,149,0.31837606837606836
E02005944,E02005948,64,0,0,0,17,0,1,29,1,14,2,0,5840.57168344733,0.019975691465537092,0.21875,0.1716538052314587,48,8.239382651110018,7.383136714734866,21,0.328125
E02005944,E02005949,197,0,0,1,38,0,1,46,10,59,42,0,1721.748710161946,0.011656523194070229,0.29949238578680204,0.26727007572060457,96,25.65792726917804,22.991526533792467,82,0.41624365482233505
E02005944,E02005950,73,0,0,0,24,0,2,32,3,5,7,0,3500.079309667177,0.015261508691977588,0.0684931506849315,0.26278680937458193,61,16.0299953718495,14.3641401763259,19,0.2602739726027397
E02005944,E02005952,240,0,0,0,18,0,6,151,16,42,3,4,3251.4938089387747,0.012147248206921611,0.175,0.2829746264724521,195,55.180052162128156,49.44567891677028,91,0.37916666666666665
E02005944,E02005953,14,0,0,0,1,0,1,11,0,0,1,0,4444.487408219678,0.016030420968106408,0,0.23619845421375354,13,3.0705799047787963,2.7514817784855796,3,0.21428571428571427
E02005944,E02005954,113,0,0,0,15,1,1,69,8,12,7,0,4749.238585464026,0.020849747018217762,0.10619469026548672,0.20464418055243536,94,19.236552971928923,17.23746869467904,29,0.25663716814159293
E02005944,E02005955,51,0,0,0,4,0,2,36,2,5,2,0,5948.702379553254,0.011813033446884207,0.09803921568627451,0.20079925452144587,44,8.83516719894362,7.917006660511613,13,0.2549019607843137
E02005944,E02005956,55,0,0,0,8,1,3,34,3,2,4,0,5289.035163847012,0.014383029887343482,0.03636363636363636,0.21521805041545214,49,10.545684470357156,9.44976504818766,11,0.2
E02005944,E02005957,15,0,0,0,7,0,0,5,0,1,2,0,6445.090620986716,0.020920795834633077,0.06666666666666667,0.1470201267836204,12,1.7642415214034446,1.580899553023993,3,0.2
E02005944,E02005979,28,0,0,0,10,0,0,12,3,1,2,0,8812.754812084406,0.012774160932332211,0.03571428571428571,0.09193548042638822,25,2.2983870106597055,2.059536040699028,3,0.10714285714285714
E02005945,E02005940,24,0,0,0,5,0,1,14,0,3,1,0,5665.276238427254,0.01309729984873188,0.125,0.20655175223076835,20,4.131035044615367,3.7017332243511123,7,0.2916666666666667
E02005945,E02005941,59,0,0,0,12,0,0,28,4,12,3,0,4611.178481579489,0.01329243227078418,0.2033898305084746,0.24440187393307397,44,10.753682453055255,9.636147645971517,22,0.3728813559322034
E02005945,E02005942,62,0,0,0,12,0,0,26,8,15,1,0,4327.578845183181,0.01310511535432704,0.24193548387096775,0.25429246801114,46,11.69745352851244,10.481840967008624,25,0.4032258064516129
E02005945,E02005943,21,0,0,0,2,0,0,6,2,4,7,0,1371.292759043552,0.014349331660313092,0.19047619047619047,0.23511377190152546,10,2.3511377190152545,2.1068048359570875,6,0.2857142857142857
E02005945,E02005944,13,0,0,0,2,0,0,2,0,4,5,0,1850.0212468545503,0.010789936169131735,0.3076923076923077,0.27708192529092757,4,1.1083277011637103,0.9931490366352956,5,0.38461538461538464
E02005945,E02005945,1043,0,0,0,44,2,3,76,17,150,748,3,0,0.011170740415090705,0.14381591562799617,0.040875089922827436,145,5.926888038809978,5.310959150266631,155,0.1486097794822627
E02005945,E02005946,56,0,0,0,7,0,0,28,1,7,13,0,2300.681457987574,0.018053355700905684,0.125,0.2506703543503687,36,9.024132756613273,8.0863347043382,15,0.26785714285714285
E02005945,E02005947,784,0,1,2,296,2,6,73,20,277,107,0,3289.530653571587,0.01821353871621257,0.35331632653061223,0.25059838600414147,400,100.23935440165658,89.82236765572313,367,0.46811224489795916
E02005945,E02005948,130,0,0,0,37,0,0,25,1,55,12,0,4048.3404351198087,0.009427213480737922,0.4230769230769231,0.2817809200453245,63,17.752197962855444,15.907369532005175,71,0.5461538461538461
E02005945,E02005949,390,0,0,3,10,1,0,51,8,107,210,0,1837.417343452493,0.017914075913613665,0.2743589743589744,0.23990255272180733,73,17.512886348691936,15.692927450649114,123,0.3153846153846154
E02005945,E02005950,111,0,0,0,18,0,0,41,5,20,27,0,1988.655565235823,0.014305969057321307,0.18018018018018017,0.2630197513147276,64,16.833264084142566,15.083932298218645,35,0.3153153153153153
E02005945,E02005952,141,0,0,0,23,1,0,76,2,26,13,0,3201.8608643538146,0.016720687477248152,0.18439716312056736,0.2591913910768042,102,26.43752188983403,23.690104802347527,50,0.3546099290780142
E02005945,E02005953,11,0,0,0,0,1,0,8,1,1,0,0,3167.180340396667,0.01575881379019474,0.09090909090909091,0.26453591860510406,10,2.6453591860510404,2.370450476354965,3,0.2727272727272727
E02005945,E02005954,116,0,0,0,16,0,0,66,5,25,4,0,3949.0757329766866,0.014135747466986594,0.21551724137931033,0.259350009398606,87,22.56345081767872,20.218631564668886,45,0.3879310344827586
E02005945,E02005955,67,0,0,0,7,1,0,42,1,13,3,0,5141.511537899774,0.019120472276749928,0.19402985074626866,0.19949616444891674,51,10.174304386894754,9.11697920179137,22,0.3283582089552239
E02005945,E02005956,18,0,0,0,6,0,0,11,0,1,0,0,5811.742964945927,0.02301019153531932,0.05555555555555555,0.1613090286888759,17,2.74225348771089,2.4572754129219123,3,0.16666666666666666
E02005945,E02005979,37,0,0,0,8,0,0,16,0,12,1,0,7020.523563756887,0.01685799398348992,0.32432432432432434,0.14015673119124689,24,3.3637615485899253,3.01419565526088,15,0.40540540540540543
E02005946,E02005940,16,0,0,0,3,1,0,11,0,0,1,0,6684.6298198596405,0.020920795834633077,0,0.13878886954589886,15,2.081833043188483,1.8654866057279647,2,0.125
E02005946,E02005941,50,0,0,0,6,1,1,24,3,13,2,0,5967.963418019406,0.014383029887343482,0.26,0.1891689281521524,35,6.620912485325333,5.932859793672328,19,0.38
E02005946,E02005942,47,0,0,0,10,0,1,24,0,7,4,1,5920.969853272012,0.016636557169216297,0.14893617021276595,0.1818022244169416,36,6.544880079009898,5.864728760760354,13,0.2765957446808511
E02005946,E02005944,38,0,0,0,1,0,0,11,0,2,24,0,186.39437236061997,0.014615216894098625,0.05263157894736842,0.09708722749682863,12,1.1650467299619436,1.0439737600006953,3,0.07894736842105263
E02005946,E02005945,604,0,0,1,64,1,1,120,28,157,230,2,2027.2707594494007,0.014993581983109792,0.2599337748344371,0.26053368715442243,217,56.535810112509665,50.660544972105974,208,0.3443708609271523
E02005946,E02005946,156,0,0,1,6,0,0,43,4,13,88,1,0,0.0153154834166994,0.08333333333333333,0.03671644647277272,55,2.0194045560024994,1.8095457573288316,15,0.09615384615384616
E02005946,E02005947,562,0,0,0,268,0,6,93,7,153,34,1,5259.011414493959,0.015119674882510429,0.2722419928825623,0.21298889556115316,375,79.87083583543243,71.57056850778714,225,0.400355871886121
E02005946,E02005948,114,0,0,0,32,1,1,38,1,37,4,0,6017.8211960421795,0.014383029887343482,0.32456140350877194,0.18721896953388562,73,13.66698477597365,12.24669630626021,49,0.4298245614035088
E02005946,E02005949,321,0,0,0,30,0,5,59,9,105,113,0,1773.4740203569806,0.010822495179484018,0.32710280373831774,0.2738991795698906,103,28.211615495698734,25.279832600105703,130,0.40498442367601245
E02005946,E02005950,102,0,0,0,25,0,2,44,7,15,9,0,3677.328822262027,0.017265237795617117,0.14705882352941177,0.24932545623041336,78,19.447385585972242,17.426391345722205,32,0.3137254901960784
E02005946,E02005951,11,0,0,0,1,0,2,7,0,1,0,0,5735.159767301332,0.019863349087962744,0.09090909090909091,0.17581470537658725,10,1.7581470537658725,1.5754384293358414,3,0.2727272727272727
E02005946,E02005952,270,0,0,0,12,0,5,164,16,59,13,1,3107.4368258837067,0.013203989669715215,0.21851851851851853,0.27867335297760726,198,55.17732388956624,49.443234169369575,108,0.4
E02005946,E02005953,16,0,0,0,2,0,1,10,0,3,0,0,4605.148982635161,0.029370518963671533,0.1875,0.17355753605159402,13,2.2562479686707224,2.021776135472306,5,0.3125
E02005946,E02005954,108,0,0,0,12,0,0,60,8,26,2,0,4651.426689112693,0.014614606806220771,0.24074074074074073,0.23657577805793484,80,18.926062244634785,16.95924451389515,43,0.39814814814814814
E02005946,E02005955,83,0,0,0,3,0,1,54,6,17,2,0,5804.645396498186,0.019479361425862065,0.20481927710843373,0.1748443170579469,64,11.190036291708601,10.027155101650614,27,0.3253012048192771
E02005946,E02005956,44,0,0,1,7,0,1,24,2,6,3,0,5144.978180791944,0.01842354925457486,0.13636363636363635,0.20239172365212016,35,7.083710327824206,6.347563162497319,12,0.2727272727272727
E02005946,E02005979,37,0,0,0,5,0,1,29,0,2,0,0,8990.004324679254,0.010961790001064736,0.05405405405405406,0.09076018039491907,35,3.1766063138221674,2.8464898035387853,5,0.13513513513513514
E02005947,E02005941,38,0,0,0,5,0,0,5,0,16,12,0,3625.4738618564493,0.020184283487126278,0.42105263157894735,0.23584178955973084,10,2.3584178955973085,2.113328448379127,18,0.47368421052631576
E02005947,E02005942,57,0,0,0,12,0,0,0,0,25,20,0,2046.7052910346285,0.02497622224412879,0.43859649122807015,0.21259936264434898,12,2.5511923517321877,2.2860695656472667,27,0.47368421052631576
E02005947,E02005945,131,0,0,1,49,0,3,31,3,35,9,0,3269.9816024538445,0.017996091186021898,0.26717557251908397,0.2519261237347005,87,21.917572764918944,19.639873887486633,55,0.4198473282442748
E02005947,E02005946,17,0,0,0,5,0,0,9,0,3,0,0,5512.873061914393,0.025722896368299584,0.17647058823529413,0.16113093236810805,14,2.2558330531535127,2.0214043384435305,5,0.29411764705882354
E02005947,E02005947,1225,0,1,8,44,1,1,32,7,347,781,3,0,0.010789936169131735,0.283265306122449,0.04127904760779802,97,4.004067617956408,3.587960395847404,351,0.28653061224489795
E02005947,E02005948,142,0,0,1,4,0,0,5,0,28,104,0,948.1657343427565,0.022044989587272638,0.19718309859154928,0.17096784331749254,10,1.7096784331749255,1.532006722453122,30,0.2112676056338028
E02005947,E02005949,83,0,1,1,22,0,0,12,0,30,17,0,4433.230929869793,0.011886933827252612,0.3614457831325301,0.2572763199272616,36,9.261947517381417,8.299435486991694,38,0.4578313253012048
E02005947,E02005950,56,0,0,0,8,0,0,4,0,22,22,0,2137.6097015758005,0.013585638606081658,0.39285714285714285,0.270710846593349,12,3.248530159120188,2.9109392417273594,25,0.44642857142857145
E02005947,E02005952,61,0,0,0,21,0,1,30,1,6,2,0,4536.8207135739785,0.013432302559590851,0.09836065573770492,0.24612709505102043,53,13.044736037704082,11.689112358560372,18,0.29508196721311475
E02005947,E02005953,18,0,0,0,6,0,0,5,3,3,1,0,2742.1551373574457,0.014684320828365164,0.16666666666666666,0.2719589950596372,14,3.807425930834921,3.41175393459773,6,0.3333333333333333
E02005947,E02005954,56,0,0,0,23,0,0,18,2,13,0,0,4477.111172542205,0.010822476574308513,0.23214285714285715,0.261369751901458,43,11.238899331762694,10.070940239481095,23,0.4107142857142857
E02005947,E02005955,41,0,0,0,12,0,0,20,0,8,1,0,5079.405858282252,0.014383029887343482,0.1951219512195122,0.2229061530466615,32,7.132996897493168,6.391727816267493,14,0.34146341463414637
E02005947,E02005979,32,0,0,0,9,1,0,12,0,9,1,0,3920.348862979832,0.017820618318642917,0.28125,0.24141213566094674,22,5.311066984540829,4.759134914397605,14,0.4375
E02005948,E02005940,13,0,0,0,1,0,0,4,1,6,1,0,4393.121536086058,0.018000807061795965,0.46153846153846156,0.22824879800943898,6,1.3694927880566339,1.227173553191314,7,0.5384615384615384
E02005948,E02005941,48,0,0,0,10,0,0,11,2,21,4,0,3965.744814153785,0.0098179993921442,0.4375,0.281869042577467,23,6.482987979281741,5.809268557829563,27,0.5625
E02005948,E02005942,49,0,0,0,8,0,0,5,0,23,13,0,2511.158945823522,0.017602916428828143,0.46938775510204084,0.25551050240186296,13,3.3216365312242186,2.976448317202768,26,0.5306122448979592
E02005948,E02005945,128,0,0,0,46,0,1,24,4,40,12,1,4154.994918286727,0.014283828278585972,0.3125,0.2532360130246999,76,19.24593698987719,17.245877514900087,57,0.4453125
E02005948,E02005946,19,0,0,0,6,0,0,9,1,2,1,0,6004.225432730977,0.014313822390779284,0.10526315789473684,0.18803530077635136,16,3.0085648124216218,2.6959113644584747,5,0.2631578947368421
E02005948,E02005947,945,0,0,7,37,0,1,54,6,288,552,0,965.2940388350771,0.01577249678932368,0.3047619047619048,0.19781498399056263,105,20.770573319009078,18.612071917428015,307,0.32486772486772486
E02005948,E02005948,297,0,0,7,7,0,3,26,2,35,215,2,0,0.014117941319850372,0.11784511784511785,0.03787431595506735,47,1.7800928498881654,1.5951035935775773,37,0.12457912457912458
E02005948,E02005949,100,0,0,2,22,0,0,23,1,44,8,0,5052.947139515095,0.018971599908775255,0.44,0.20312207421788145,48,9.74985956245831,8.736643162142364,53,0.53
E02005948,E02005950,53,0,0,0,10,0,0,14,0,21,8,0,2757.325911221104,0.022776162650802397,0.39622641509433965,0.23102796286485583,24,5.54467110875654,4.968462634597388,26,0.49056603773584906
E02005948,E02005952,90,0,0,0,26,0,2,38,3,17,4,0,5156.536923219281,0.016687001318699157,0.18888888888888888,0.20963919828866226,69,14.465104681917696,12.961874691565859,30,0.3333333333333333
E02005948,E02005954,89,0,0,0,26,0,0,36,2,22,3,0,4959.955135914346,0.025695912106592587,0.24719101123595505,0.1781369294754963,64,11.400763486431764,10.215983288668248,32,0.3595505617977528
E02005948,E02005955,27,0,0,0,8,0,0,12,0,6,1,0,5697.058568602439,0.011170716518826257,0.2222222222222222,0.2138937193834746,20,4.277874387669492,3.833312857289316,10,0.37037037037037035
E02005948,E02005978,13,0,0,0,7,0,0,3,0,3,0,0,3484.8750151518207,0.016424642484031075,0.23076923076923078,0.2570090713650234,10,2.5700907136502336,2.3030039884837485,5,0.38461538461538464
E02005948,E02005979,59,0,0,0,4,1,0,13,2,16,23,0,2985.8873262606376,0.014608643445219154,0.2711864406779661,0.27193507009997986,20,5.438701401999597,4.873505419265063,21,0.3559322033898305
E02005949,E02005941,21,0,0,0,8,0,1,7,0,1,4,0,6411.942623191901,0.008177172688310233,0.047619047619047616,0.19688966871596528,16,3.1502346994554444,2.8228587570754256,4,0.19047619047619047
E02005949,E02005942,36,0,0,0,16,0,1,5,2,11,1,0,6128.342986795591,0.009427296299601966,0.3055555555555556,0.20368547049648034,24,4.888451291915528,4.380437921119279,15,0.4166666666666667
E02005949,E02005945,504,0,0,1,78,0,1,62,23,87,250,2,1837.4173434524935,0.006615745863460528,0.17261904761904762,0.2996558446791855,167,50.04252606142398,44.84205032186486,132,0.2619047619047619
E02005949,E02005946,48,0,0,0,7,0,1,16,0,11,13,0,2026.969663308855,0.017265237795617117,0.22916666666666666,0.24891310462195287,24,5.973914510926869,5.35309857837098,16,0.3333333333333333
E02005949,E02005947,510,0,0,0,271,4,8,49,7,97,72,2,4477.69897836997,0.017820648952561097,0.19019607843137254,0.22663165577305408,341,77.28139461861144,69.25022494224305,166,0.3254901960784314
E02005949,E02005948,74,0,0,0,22,0,0,27,4,14,7,0,5091.0692568802,0.014383029887343482,0.1891891891891892,0.22248486039529333,53,11.791697600950547,10.566291089163125,25,0.33783783783783783
E02005949,E02005949,402,0,0,1,22,0,1,36,7,54,279,2,0,0.014837262001875231,0.13432835820895522,0.03717468448362701,69,2.565053229370264,2.2984900052507533,56,0.13930348258706468
E02005949,E02005950,100,0,0,0,26,1,0,28,0,13,32,0,2556.1976621191784,0.0174529609084124,0.13,0.2566361112237446,55,14.114986117305952,12.648140843005374,26,0.26
E02005949,E02005952,205,0,0,0,27,0,2,93,5,55,23,0,1511.0942402065618,0.011831381275406259,0.2682926829268293,0.2559280822894827,127,32.5028664507643,29.125131916822994,84,0.4097560975609756
E02005949,E02005954,69,0,0,0,13,1,0,27,5,14,9,0,3024.1383521538955,0.015750045885385488,0.2028985507246377,0.26568274376558076,46,12.221406213216715,10.951343897874795,25,0.36231884057971014
E02005949,E02005955,65,0,0,0,10,1,1,43,2,6,2,0,4081.8335220166405,0.014000598283324589,0.09230769230769231,0.2566568328694682,57,14.629439473559689,13.109131626345656,19,0.2923076923076923
E02005949,E02005956,34,0,0,1,4,0,0,15,3,8,3,0,3970.8514722475365,0.015404882021129569,0.23529411764705882,0.25230977265025134,23,5.8031247709557805,5.2000575007714716,13,0.38235294117647056
E02005949,E02005957,16,0,0,0,2,0,0,8,0,4,2,0,5126.906929387239,0.011641543112028292,0.25,0.23416495572628704,10,2.3416495572628704,2.0983026946734884,6,0.375
E02005949,E02005979,12,0,0,0,3,0,1,7,0,0,1,0,8034.641651373785,0.019317309298283233,0,0.09975235662364597,11,1.0972759228601057,0.9832457715957165,1,0.08333333333333333
E02005950,E02005940,31,0,0,0,12,0,0,9,0,8,2,0,5802.955060236189,0.027613486081949915,0.25806451612903225,0.1455025974886898,21,3.055554547262486,2.738017873065949,11,0.3548387096774194
E02005950,E02005941,49,0,0,0,11,0,0,16,2,14,6,0,5046.818915028514,0.01430093834694239,0.2857142857142857,0.22446343196353957,29,6.509439526942647,5.832971230829037,20,0.40816326530612246
E02005950,E02005942,61,0,0,0,13,0,0,17,0,24,7,0,3796.8097674820933,0.010364802285120631,0.39344262295081966,0.2830543666367919,30,8.491630999103757,7.609171129953206,32,0.5245901639344263
E02005950,E02005943,16,0,0,0,2,0,0,4,0,5,5,0,2332.3414521843774,0.018053355700905684,0.3125,0.2511493718999547,6,1.506896231399728,1.3502978757570003,6,0.375
E02005950,E02005945,285,0,0,0,59,0,0,42,10,98,76,0,1988.6555652358231,0.011579009605240664,0.34385964912280703,0.2775009176109984,111,30.80260185482082,27.601560735020563,126,0.4421052631578947
E02005950,E02005946,34,0,0,0,12,0,1,13,1,3,4,0,3941.6586894603583,0.012655548883321316,0.08823529411764706,0.2672654662472682,27,7.2161675886762415,6.46625531543406,9,0.2647058823529412
E02005950,E02005947,1328,0,3,4,251,3,5,70,5,444,537,6,2130.335674222998,0.010066664202343414,0.33433734939759036,0.2896456360631031,347,100.50703571389678,90.0622312241402,534,0.40210843373493976
E02005950,E02005948,237,0,0,1,34,2,0,36,3,69,91,1,2743.7059527332276,0.008797035333938373,0.2911392405063291,0.3044614735489683,77,23.44353346327056,21.007255029291528,90,0.379746835443038
E02005950,E02005949,258,0,0,1,25,0,2,27,3,80,119,1,2547.116830779336,0.009701221068205843,0.31007751937984496,0.29836133126228664,59,17.603318544474913,15.773961830669009,96,0.37209302325581395
E02005950,E02005950,373,0,0,2,17,0,0,24,4,54,269,3,0,0.019864460093269115,0.1447721179624665,0.03262106520785637,50,1.6310532603928185,1.4615523662894667,55,0.14745308310991956
E02005950,E02005951,13,0,0,0,3,0,0,2,0,3,5,0,3001.8517280277592,0.018000840481637054,0.23076923076923078,0.25414867091973037,5,1.2707433545986517,1.1386862722146653,4,0.3076923076923077
E02005950,E02005952,155,0,0,1,29,0,6,50,4,39,25,1,2399.2110119981753,0.014837332805968021,0.25161290322580643,0.26872143876387894,91,24.453650927512985,21.912399947574748,61,0.3935483870967742
E02005950,E02005953,28,0,0,0,0,0,0,3,0,8,17,0,1095.8319493228094,0.014383029887343482,0.2857142857142857,0.21517365176867775,3,0.6455209553060333,0.5784376896985871,9,0.32142857142857145
E02005950,E02005954,141,0,0,0,28,2,2,40,4,42,23,0,2307.958963766052,0.017697389029331774,0.2978723404255319,0.25258914976869073,76,19.196775382420498,17.201824837128168,59,0.41843971631205673
E02005950,E02005955,81,0,0,1,25,0,0,28,3,13,10,1,3500.394768689139,0.013541932051705275,0.16049382716049382,0.27185114360673973,58,15.767366329190905,14.128803839938234,27,0.3333333333333333
E02005950,E02005956,38,0,0,0,12,0,1,8,2,9,6,0,4355.921353934752,0.016190929728490934,0.23684210526315788,0.2380377798310768,23,5.474868936114766,4.905914382450085,14,0.3684210526315789
E02005950,E02005957,14,0,0,0,5,0,0,5,0,2,2,0,5303.174704892677,0.012140772917194016,0.14285714285714285,0.22504773129073496,10,2.25047731290735,2.016605172763235,4,0.2857142857142857
E02005950,E02005978,11,0,0,0,4,0,0,6,0,1,0,0,6206.786086384848,0.013672579796730675,0.09090909090909091,0.18265720057135304,10,1.8265720057135304,1.6367525831166059,3,0.2727272727272727
E02005950,E02005979,47,0,0,0,10,0,1,10,3,19,4,0,5687.278347226813,0.012295029298925128,0.40425531914893614,0.209237276587431,24,5.021694638098344,4.499834468512784,23,0.48936170212765956
E02005951,E02005941,35,0,0,0,9,0,0,7,2,16,1,0,5243.882534033855,0.020531819262395827,0.45714285714285713,0.1900853661470753,18,3.4215365906473556,3.0659666497967506,19,0.5428571428571428
E02005951,E02005942,36,0,0,0,8,0,0,11,1,12,4,0,3665.113963212035,0.031701349682289014,0.3333333333333333,0.1839604036308131,20,3.679208072616262,3.296860620792075,15,0.4166666666666667
E02005951,E02005945,112,0,0,0,37,0,0,21,7,37,9,1,4096.504038991461,0.009657181128850573,0.33035714285714285,0.2791882436173842,66,18.426424078747356,16.511529309631722,54,0.48214285714285715
E02005951,E02005946,14,0,0,0,6,0,0,6,0,1,1,0,6030.851919419559,0.011562535232007617,0.07142857142857142,0.19851867724306213,12,2.3822241269167455,2.1346607092943697,3,0.21428571428571427
E02005951,E02005947,902,0,0,5,134,0,6,64,10,316,364,3,1627.3885232304542,0.01821353871621257,0.35033259423503327,0.23014426360195733,222,51.09202651963453,45.78248550897218,362,0.401330376940133
E02005951,E02005948,179,0,0,0,13,1,0,27,3,74,61,0,2286.882291927259,0.013012829477109177,0.4134078212290503,0.27678516401441666,44,12.178547216634334,10.912938856547887,85,0.4748603351955307
E02005951,E02005949,112,0,1,1,21,0,2,32,0,49,6,0,5192.0936986440975,0.013165490321439575,0.4375,0.22445905260534377,57,12.794165998504594,11.464581840393812,60,0.5357142857142857
E02005951,E02005950,88,0,0,0,10,1,0,20,2,35,20,0,2998.966780016304,0.014420939459850911,0.3977272727272727,0.2728685663427156,33,9.004662689309615,8.068887988384471,43,0.48863636363636365
E02005951,E02005951,81,0,0,0,1,0,0,19,0,11,50,0,0,0.014554021338859266,0.13580246913580246,0.03744867689699865,20,0.748973537939973,0.6711393632852463,12,0.14814814814814814
E02005951,E02005952,87,0,0,0,14,0,1,44,4,20,4,0,4199.281263563823,0.017153235139282567,0.22988505747126436,0.23772433987429517,63,14.976633412080595,13.420244779256665,33,0.3793103448275862
E02005951,E02005953,13,0,0,0,0,0,0,5,1,6,1,0,2163.4083462096387,0.013204463848101972,0.46153846153846156,0.27332702868268277,6,1.6399621720960966,1.4695354538422631,7,0.5384615384615384
E02005951,E02005954,99,0,0,1,18,0,0,35,5,29,11,0,3121.453497501994,0.00857104235711115,0.29292929292929293,0.30430765895237183,59,17.954151878189936,16.08833616872154,45,0.45454545454545453
E02005951,E02005955,47,0,0,0,7,0,0,26,0,12,2,0,3446.968940724876,0.01745298094032598,0.2553191489361702,0.2523410182191805,33,8.327253601232956,7.461876016631944,19,0.40425531914893614
E02005951,E02005956,18,0,0,0,6,0,1,6,0,2,2,1,5551.540728279381,0.017697389029331774,0.1111111111111111,0.1911232908478719,14,2.6757260718702067,2.3976616011560985,4,0.2222222222222222
E02005951,E02005978,15,0,0,0,1,0,0,10,1,3,0,0,5064.8915307312345,0.014383029887343482,0.2,0.22342926816972475,12,2.681151218036697,2.4025229600152143,5,0.3333333333333333
E02005951,E02005979,38,0,0,0,7,0,0,14,0,13,4,0,3513.796346389705,0.02096059570649699,0.34210526315789475,0.2339396903610668,21,4.912733497582403,4.402196692591035,17,0.4473684210526316
E02005952,E02005940,35,0,0,0,8,0,0,17,1,8,1,0,8202.16607223436,0.008332545761000131,0.22857142857142856,0.12345842012961532,26,3.2099189233699983,2.876340529136908,11,0.3142857142857143
E02005952,E02005941,78,0,0,0,27,0,0,30,3,12,6,0,7897.866271164696,0.02076611040718769,0.15384615384615385,0.10029523943316253,60,6.017714365989752,5.39234670310412,17,0.21794871794871795
E02005952,E02005942,79,0,0,0,22,0,0,28,2,17,10,0,6196.0207794802645,0.012370385931458361,0.21518987341772153,0.18838764963870078,52,9.79615778121244,8.778130017794638,26,0.3291139240506329
E02005952,E02005943,26,0,0,0,9,1,0,7,1,4,4,0,4657.980548628753,0.009982266361669354,0.15384615384615385,0.259613022539746,18,4.673034405715428,4.187407400651395,8,0.3076923076923077
E02005952,E02005944,25,0,0,0,7,0,0,12,3,3,0,0,3251.4938089387747,0.018858023053359804,0.12,0.24778092261002158,22,5.451180297420475,4.884687493801777,8,0.32
E02005952,E02005945,641,0,0,0,192,0,6,164,30,138,109,2,3229.679410040166,0.02293395965082684,0.21528861154446177,0.22811077220354628,394,89.87564424819723,80.535665948215,219,0.3416536661466459
E02005952,E02005946,91,0,0,0,15,0,0,54,8,7,7,0,3344.743824578231,0.016234018490446405,0.07692307692307693,0.26004415479634496,77,20.02339991931856,17.942545619995386,25,0.27472527472527475
E02005952,E02005947,1306,0,1,3,607,5,18,158,30,336,144,4,4529.546686221172,0.018801404630410044,0.2572741194486983,0.22050737888733865,826,182.13909496094172,163.2109948205333,499,0.38208269525267996
E02005952,E02005948,278,0,0,0,77,6,0,74,1,95,23,2,5142.916964731402,0.009427213480737922,0.34172661870503596,0.2444021949035398,160,39.10435118456637,35.04058291281837,130,0.4676258992805755
E02005952,E02005949,449,0,0,0,57,1,1,100,15,110,164,1,1511.0942402065623,0.01678245852731706,0.24498886414253898,0.23137218939395768,175,40.49013314394259,36.282352848277,146,0.32516703786191536
E02005952,E02005950,291,0,0,0,60,1,0,81,11,66,72,0,2399.211011998175,0.011453822347925696,0.2268041237113402,0.2870003581431396,153,43.91105479590036,39.34776846450623,105,0.36082474226804123
E02005952,E02005951,16,0,0,0,4,0,0,9,0,3,0,0,4202.2832212746425,0.009626312643696627,0.1875,0.2762911807103871,13,3.5917853492350322,3.218522965408257,6,0.375
E02005952,E02005952,865,0,0,0,44,4,5,308,42,177,284,1,0,0.009843118261535992,0.2046242774566474,0.042300054484528,404,17.08922201174931,15.31329078935344,192,0.22196531791907514
E02005952,E02005953,53,0,0,0,7,0,0,20,2,12,12,0,2492.008053397352,0.009706915098684878,0.22641509433962265,0.29782294791046415,29,8.63686548940346,7.739312688244966,20,0.37735849056603776
E02005952,E02005954,401,0,0,6,35,1,0,133,5,54,166,1,1540.9399274320226,0.02474231176017093,0.13466334164588528,0.1968052214764656,181,35.62174508724027,31.919893168342938,86,0.2144638403990025
E02005952,E02005955,209,0,0,0,29,1,2,102,10,42,23,0,2569.4984460605906,0.017602943055801276,0.20095693779904306,0.2559591566040425,144,36.85811855098212,33.0277813075164,75,0.3588516746411483
E02005952,E02005956,109,0,0,0,7,1,1,50,3,18,29,0,2670.8650931553084,0.01183139345229963,0.1651376146788991,0.28723182910374123,62,17.808373404431958,15.957707158345922,34,0.3119266055045872
E02005952,E02005957,23,0,0,0,7,0,0,12,0,2,2,0,3632.717863875197,0.013541932051705275,0.08695652173913043,0.2694450052308648,19,5.119455099386431,4.587435552422663,7,0.30434782608695654
E02005952,E02005978,30,0,0,0,3,0,0,23,2,2,0,0,8605.997098383024,0.02096059570649699,0.06666666666666667,0.08030019184877248,28,2.2484053717656294,2.01474855008142,4,0.13333333333333333
E02005952,E02005979,64,0,0,1,13,0,0,33,4,11,0,2,7330.891312351186,0.014383029887343482,0.171875,0.13686642996595944,53,7.25392078819585,6.5000851598865905,18,0.28125
E02005953,E02005940,16,0,0,0,5,0,0,3,0,7,1,0,6397.700685582107,0.01914574423647266,0.4375,0.1548128660486273,8,1.2385029283890183,1.10979630745317,8,0.5
E02005953,E02005941,35,0,0,0,7,0,0,8,0,19,1,0,5641.564540374436,0.015347955815206092,0.5428571428571428,0.19769430262407423,15,2.9654145393611135,2.6572453164335106,22,0.6285714285714286
E02005953,E02005942,47,0,0,0,8,0,0,15,0,19,5,0,4391.555392828011,0.016932742567692404,0.40425531914893614,0.23340089171923786,23,5.36822050954247,4.810348980630988,24,0.5106382978723404
E02005953,E02005945,145,0,0,1,22,0,1,37,5,54,24,1,2982.6673649331947,0.012443301246423802,0.3724137931034483,0.2836494916173501,67,19.004515938362456,17.029545211301077,71,0.4896551724137931
E02005953,E02005946,11,0,0,0,2,0,0,6,0,2,1,0,4710.634643889232,0.017479786538527293,0.18181818181818182,0.2210497457050128,8,1.7683979656401023,1.5846240548884964,4,0.36363636363636365
E02005953,E02005947,632,0,0,2,144,1,3,52,8,260,160,2,2725.081299568918,0.023127501372255502,0.41139240506329117,0.22930176593626922,212,48.61197437848907,43.560163183005066,304,0.4810126582278481
E02005953,E02005948,108,0,0,0,23,0,1,14,3,51,16,0,3338.4515780791476,0.01086056075494157,0.4722222222222222,0.2889281537179154,41,11.846054302434531,10.614998980932688,62,0.5740740740740741
E02005953,E02005949,127,0,0,0,7,0,0,20,1,62,37,0,3214.806146009098,0.011010437026457444,0.4881889763779528,0.2896507948308551,28,8.110222255263942,7.267398812874903,69,0.5433070866141733
E02005953,E02005950,174,0,0,1,12,0,0,32,4,42,82,1,1133.7494337614999,0.017914075913613665,0.2413793103448276,0.20243152635098416,50,10.121576317549208,9.069730692871865,51,0.29310344827586204
E02005953,E02005951,17,0,0,0,0,0,0,9,1,4,3,0,2163.4083462096387,0.01448336924207928,0.23529411764705882,0.26653977199547335,10,2.6653977199547336,2.3884065832186128,6,0.35294117647058826
E02005953,E02005952,154,0,0,0,16,0,0,73,8,34,22,1,2464.9787297421963,0.013766803209462919,0.22077922077922077,0.2751994283689162,98,26.969543980153787,24.166838557098025,58,0.37662337662337664
E02005953,E02005953,54,0,0,1,3,0,0,13,1,12,24,0,0,0.01015830193643723,0.2222222222222222,0.041957521963273216,18,0.7552353953389179,0.6767504814020091,13,0.24074074074074073
E02005953,E02005954,137,0,0,1,24,0,0,36,2,42,32,0,1686.4994490339727,0.011048133932752719,0.30656934306569344,0.2689073812310707,63,16.941165017557456,15.180620044956843,57,0.41605839416058393
E02005953,E02005955,61,0,0,0,11,1,0,27,1,17,4,0,2145.893032801153,0.010573455671018939,0.2786885245901639,0.28721759131806723,40,11.48870365272269,10.294784613711084,27,0.4426229508196721
E02005953,E02005956,17,0,0,0,6,1,0,7,0,1,2,0,4067.399066664517,0.01799690783571622,0.058823529411764705,0.23702742818078426,14,3.3183839945309797,2.9735337877904655,4,0.23529411764705882
E02005953,E02005957,11,0,0,0,2,0,0,6,0,2,0,1,4829.131012772363,0.01668702626420388,0.18181818181818182,0.2208671183692716,9,1.9878040653234443,1.7812292252759434,4,0.36363636363636365
E02005953,E02005979,33,0,0,0,7,1,1,11,1,11,1,0,5292.01643728618,0.01405466137959627,0.3333333333333333,0.21660390994952744,21,4.548682108940076,4.075977934784797,15,0.45454545454545453
E02005954,E02005940,37,0,0,0,13,0,0,16,2,5,1,0,8106.195611863035,0.009657181128850573,0.13513513513513514,0.12307680636607934,31,3.8153809973484596,3.4188823016285235,8,0.21621621621621623
E02005954,E02005941,37,0,0,0,14,0,0,10,1,8,4,0,7350.059466655367,0.016234018490446405,0.21621621621621623,0.13040953785473744,25,3.260238446368436,2.921430790561732,11,0.2972972972972973
E02005954,E02005942,65,0,0,0,14,0,0,27,2,20,2,0,6100.050319108939,0.01086056075494157,0.3076923076923077,0.1986715822237099,43,8.542878035619525,7.655092516644714,28,0.4307692307692308
E02005954,E02005945,282,0,0,0,90,0,6,93,20,54,16,3,3967.003811841046,0.011555911989730154,0.19148936170212766,0.2724602303179623,212,57.761568827408006,51.758921459105636,106,0.375886524822695
E02005954,E02005946,28,0,0,0,3,0,0,18,1,5,1,0,4878.193423489131,0.01141834850172049,0.17857142857142858,0.2444801077945527,22,5.378562371480159,4.819616104613946,10,0.35714285714285715
E02005954,E02005947,967,0,0,2,464,1,10,119,21,284,63,3,4441.186833331828,0.010923489069628332,0.2936918304033092,0.26200953978520963,620,162.44591466682996,145.56435202991577,430,0.4446742502585315
E02005954,E02005948,198,0,0,0,48,4,2,65,2,65,9,3,4959.955135914349,0.011055515300082466,0.3282828282828283,0.243287577449051,124,30.167659603682324,27.032602398623176,92,0.46464646464646464
E02005954,E02005949,172,0,0,0,31,1,3,55,9,53,20,0,3024.1383521538974,0.016296290248367335,0.3081395348837209,0.26282261167276755,99,26.019438555603987,23.315469159669036,76,0.4418604651162791
E02005954,E02005950,196,0,0,0,52,1,1,53,3,55,30,1,2307.958963766052,0.021015004504922104,0.28061224489795916,0.23609704039722218,111,26.20677148409166,23.483334238979296,78,0.3979591836734694
E02005954,E02005951,16,0,0,0,4,0,0,6,1,2,3,0,3121.453497501994,0.014383029887343482,0.125,0.2722193366121867,11,2.994412702734054,2.683229957968492,5,0.3125
E02005954,E02005952,433,0,0,1,23,2,12,163,15,97,120,0,1530.3996631139348,0.011813043787224049,0.22401847575057737,0.25708570081349985,216,55.53051137571597,49.7597180136811,147,0.3394919168591224
E02005954,E02005953,45,0,0,0,0,0,0,13,0,14,18,0,1713.5287726891277,0.01685799398348992,0.3111111111111111,0.24040869963399486,13,3.1253130952419332,2.8005270340750283,17,0.37777777777777777
E02005954,E02005954,341,0,0,1,21,2,0,68,10,57,180,2,0,0.007861626966876242,0.16715542521994134,0.04451544550081277,104,4.629606332084528,4.148492421404581,61,0.17888563049853373
E02005954,E02005955,169,0,0,0,16,0,0,85,4,32,31,1,1200.7555042167473,0.012592239673134087,0.1893491124260355,0.23181747889430296,106,24.572652762796114,22.019034977940926,54,0.31952662721893493
E02005954,E02005956,84,0,0,0,7,0,1,30,2,12,32,0,2476.3322439718095,0.012440026141150144,0.14285714285714285,0.28250389755893063,40,11.300155902357226,10.12583095818249,22,0.2619047619047619
E02005954,E02005957,33,0,0,0,10,0,0,11,1,11,0,0,3238.064190079654,0.012944636502626878,0.3333333333333333,0.2787928990735954,22,6.133443779619099,5.496049385564978,16,0.48484848484848486
E02005954,E02005978,25,0,0,0,3,0,0,22,0,0,0,0,8061.0244309210875,0.01343042817141948,0,0.11403289686232636,25,2.850822421558159,2.554561740734276,3,0.12
E02005954,E02005979,48,0,0,0,8,0,0,21,1,16,2,0,6250.0615885785355,0.014614982610386545,0.3333333333333333,0.17721040520521206,30,5.3163121561563615,4.76383500186405,21,0.4375
E02005955,E02005940,27,0,0,0,13,0,0,10,3,1,0,0,9306.947550301358,0.014284245411163105,0.037037037037037035,0.07527043929211957,26,1.9570314215951088,1.753654509385121,3,0.1111111111111111
E02005955,E02005941,34,0,0,0,13,0,0,11,0,8,2,0,8879.570828369086,0.01575006240206692,0.23529411764705882,0.08363019284232395,24,2.0071246282157746,1.7985419734853607,10,0.29411764705882354
E02005955,E02005942,54,0,0,0,22,0,0,23,0,6,2,1,7300.802257547264,0.016190929728490934,0.1111111111111111,0.1322774577708213,46,6.0847630574577805,5.45242761894626,11,0.2037037037037037
E02005955,E02005943,22,0,0,0,5,0,1,10,0,2,4,0,5843.237603514893,0.008332761273478853,0.09090909090909091,0.2207918232391787,16,3.5326691718268592,3.1655502078196456,5,0.22727272727272727
E02005955,E02005945,283,0,0,0,81,0,5,122,20,41,14,0,5159.439616764136,0.019146072764362084,0.14487632508833923,0.19877868022862338,228,45.32153909212613,40.61167364211301,82,0.28975265017667845
E02005955,E02005946,37,0,0,0,4,0,0,24,1,3,4,1,6041.952395192713,0.014383029887343482,0.08108108108108109,0.18627454046669542,30,5.588236214000863,5.007500404977832,8,0.21621621621621623
E02005955,E02005947,688,0,0,1,358,5,12,104,21,146,38,3,5263.076817565686,0.014244911065539828,0.21220930232558138,0.2168134836517856,504,109.27399576049994,97.91811889649748,244,0.3546511627906977
E02005955,E02005948,141,0,0,0,39,3,0,48,4,35,12,0,5697.058568602438,0.01465718099293853,0.24822695035460993,0.19853003246084971,94,18.661823051319875,16.722465355523084,52,0.36879432624113473
E02005955,E02005949,154,0,0,0,23,1,3,71,10,39,7,0,4116.28812786492,0.01026126235866836,0.2532467532467532,0.27536940016891964,108,29.739895218243323,26.649291770494354,66,0.42857142857142855
E02005955,E02005950,167,0,0,0,52,1,2,65,5,31,10,1,3500.3947686891397,0.017949978070838014,0.18562874251497005,0.24899781594512008,126,31.37372480908513,28.11333194784178,59,0.3532934131736527
E02005955,E02005951,20,0,0,0,2,0,0,7,1,9,1,0,3446.9689407248766,0.016388723924128816,0.45,0.2577867473495204,10,2.577867473495204,2.309972578676042,11,0.55
E02005955,E02005952,493,0,0,0,22,1,14,241,25,117,71,2,2603.953051908867,0.011555911989730154,0.23732251521298176,0.288414641510093,305,87.96646566057836,78.82489135233729,196,0.3975659229208925
E02005955,E02005953,45,0,0,0,7,1,0,18,1,9,9,0,2198.786079271173,0.01997593682132544,0.2,0.2393291927856249,27,6.4618882052118725,5.790361496074534,15,0.3333333333333333
E02005955,E02005954,273,0,0,0,21,4,2,106,6,44,89,1,1200.7555042167473,0.014305969057321307,0.16117216117216118,0.2237006088457219,140,31.318085238401068,28.063474504086056,72,0.26373626373626374
E02005955,E02005955,381,0,0,0,12,4,2,124,17,54,165,3,0,0.017567279643620107,0.14173228346456693,0.034630825137606375,162,5.610193672292232,5.027176019442883,59,0.15485564304461943
E02005955,E02005956,88,0,0,0,8,0,0,42,2,15,21,0,2147.642132028833,0.012159994545962583,0.17045454545454544,0.2785908499696386,52,14.486724198421209,12.981247483534732,28,0.3181818181818182
E02005955,E02005957,28,0,0,0,1,0,0,20,0,4,3,0,2875.3263639729635,0.00973455348939802,0.14285714285714285,0.29910651679003025,21,6.281236852590635,5.628483635732087,10,0.35714285714285715
E02005955,E02005978,16,0,0,0,3,0,1,12,0,0,0,0,8226.933295902416,0.009945023476054948,0,0.11796498029166447,16,1.8874396846666315,1.6912948242344878,2,0.125
E02005955,E02005979,57,0,0,0,7,0,1,41,1,5,2,0,6225.8126534808935,0.009854923104398927,0.08771929824561403,0.19770580328355153,50,9.885290164177576,8.857999663010478,14,0.24561403508771928
E02005956,E02005940,13,0,0,0,3,0,0,8,1,1,0,0,10317.717290171793,0.01911513386011799,0.07692307692307693,0.046562963580581776,12,0.5587555629669814,0.5006890547737938,2,0.15384615384615385
E02005956,E02005941,15,0,0,0,8,0,0,4,0,2,1,0,9561.581144964126,0.016424664591376033,0.13333333333333333,0.06538586798792266,12,0.7846304158550719,0.7030907382383587,3,0.2
E02005956,E02005942,21,0,0,0,7,0,0,11,0,1,2,0,8311.5719974177,0.011579017207393402,0.047619047619047616,0.11061475468270227,18,1.9910655842886409,1.7841518035123727,3,0.14285714285714285
E02005956,E02005945,169,0,0,0,42,0,6,78,8,24,10,1,5811.742964945928,0.013012829477109177,0.14201183431952663,0.20112461723417852,135,27.1518233266141,24.330175228323956,48,0.28402366863905326
E02005956,E02005946,27,0,0,0,4,0,0,17,0,2,4,0,5382.28517948647,0.01678245852731706,0.07407407407407407,0.20114379724446876,21,4.224019742133844,3.7850548472477863,6,0.2222222222222222
E02005956,E02005947,433,0,0,1,258,4,4,79,10,42,34,1,6645.0979041586015,0.01275155204999604,0.09699769053117784,0.16880398925457593,357,60.26302416388361,54.00042273620852,96,0.22170900692840648
E02005956,E02005948,67,0,0,1,18,1,1,31,5,8,2,0,7390.042366691738,0.017567279643620107,0.11940298507462686,0.12502767890652364,57,7.126577697671848,6.385975706930318,14,0.208955223880597
E02005956,E02005949,102,0,0,0,22,1,2,52,4,15,6,0,3970.851472247535,0.020189418722228295,0.14705882352941177,0.22878507570224052,81,18.53159113188148,16.605767284010838,32,0.3137254901960784
E02005956,E02005950,71,0,0,0,33,0,0,18,5,7,8,0,4355.921353934754,0.019132370917700734,0.09859154929577464,0.22396916668582056,56,12.542273334405952,11.238866145999097,18,0.2535211267605634
E02005956,E02005952,414,0,0,1,26,1,3,152,11,91,128,1,2670.865093155309,0.016107994252422764,0.21980676328502416,0.2642411691873752,195,51.52702799153817,46.172281137379215,137,0.3309178743961353
E02005956,E02005953,13,0,0,0,5,0,0,8,0,0,0,0,4072.46627360965,0.016856858336469143,0,0.2424962179307501,13,3.1524508330997514,2.8248445876123576,3,0.23076923076923078
E02005956,E02005954,160,0,0,0,62,0,1,53,8,12,24,0,2476.332243971809,0.016733159066014993,0.075,0.2596681589127389,124,32.19885170517963,28.852710726426576,41,0.25625
E02005956,E02005955,143,0,0,0,8,3,0,63,8,17,44,0,2147.6421320288323,0.007861626966876242,0.11888111888111888,0.30244067700030897,82,24.800135514025335,22.22287746513784,39,0.2727272727272727
E02005956,E02005956,170,0,0,1,9,0,2,59,6,16,76,1,0,0.012774165989519939,0.09411764705882353,0.0392153319112992,78,3.058795889081338,2.740922370987835,19,0.11176470588235295
E02005956,E02005957,80,0,0,0,8,0,0,21,5,5,39,2,1291.404817344089,0.016636557169216297,0.0625,0.21919369346781536,36,7.890972964841353,7.070934155953004,12,0.15
E02005956,E02005978,14,0,0,0,1,0,0,10,3,0,0,0,10401.082613292487,0.014383029887343482,0,0.05096983070241316,14,0.7135776298337843,0.6394218378642154,1,0.07142857142857142
E02005956,E02005979,18,0,0,0,6,0,0,10,1,1,0,0,8399.961970870965,0.01649457315588765,0.05555555555555555,0.09561106277326056,17,1.6253880671454295,1.4564759063127923,2,0.1111111111111111
E02005957,E02005940,11,0,0,0,1,0,0,8,1,1,0,0,11077.517475952207,0.010393106985672211,0.09090909090909091,0.043749953977602396,10,0.43749953977602396,0.39203409424913704,1,0.09090909090909091
E02005957,E02005941,20,0,0,0,8,0,0,11,0,1,0,0,10321.381330744542,0.010639140664482863,0.05,0.057735152547489364,19,1.096967898402298,0.9829697573869127,2,0.1
E02005957,E02005942,30,0,0,0,13,0,0,14,0,2,1,0,9071.372183198113,0.010703421679490455,0.06666666666666667,0.08894361087618877,27,2.401477493657097,2.1519132444516966,4,0.13333333333333333
E02005957,E02005945,214,0,0,0,65,0,2,111,14,12,10,0,6967.798422085629,0.01948159964161433,0.056074766355140186,0.13365978415275226,192,25.662678557328434,22.995784062720404,35,0.16355140186915887
E02005957,E02005946,24,0,0,0,2,0,0,18,0,4,0,0,6538.3406366261715,0.01431441257825694,0.16666666666666666,0.16712495052154885,20,3.342499010430977,2.9951427440444514,7,0.2916666666666667
E02005957,E02005947,421,0,0,0,245,1,4,80,10,43,38,0,7404.898089939015,0.014001278747209965,0.1021377672209026,0.1353752761686252,340,46.02759389733257,41.24435443576839,84,0.1995249406175772
E02005957,E02005948,74,0,0,0,18,3,0,35,5,7,6,0,8149.842552472153,0.012140772917194016,0.0945945945945946,0.11455027166914405,61,6.987566571817787,6.261410774033133,13,0.17567567567567569
E02005957,E02005949,90,0,0,0,13,0,0,58,3,11,4,1,5126.906929387235,0.020766321188245836,0.12222222222222222,0.19299253302935374,75,14.47443997720153,12.970239852436702,24,0.26666666666666666
E02005957,E02005950,85,0,0,0,35,0,0,31,8,7,4,0,5279.280827855218,0.015348109484277221,0.08235294117647059,0.21121817374489077,74,15.630144857121916,14.005842577986645,21,0.24705882352941178
E02005957,E02005951,12,0,0,0,3,0,0,6,1,2,0,0,6211.657918814171,0.014245326457114144,0.16666666666666666,0.18017435617234392,10,1.8017435617234392,1.6145043390241574,4,0.3333333333333333
E02005957,E02005952,416,0,0,1,32,2,7,194,18,90,71,1,3630.786103547767,0.014383029887343482,0.21634615384615385,0.26504660530281915,255,67.58688435221889,60.56317911490377,151,0.3629807692307692
E02005957,E02005953,23,0,0,0,6,0,1,12,1,1,2,0,4832.266459390066,0.01815647562571502,0.043478260869565216,0.2140304796387936,20,4.280609592775872,3.8357638167966432,5,0.21739130434782608
E02005957,E02005954,190,0,0,0,69,1,0,80,10,11,18,1,3236.132429752223,0.010651724407934337,0.05789473684210526,0.29139939862259223,161,46.91530317823735,42.03981196716196,53,0.2789473684210526
E02005957,E02005955,163,0,0,0,7,2,1,95,7,19,32,0,2875.3263639729635,0.01505281723645012,0.1165644171779141,0.26996839453668514,112,30.236460188108737,27.094253148731916,46,0.2822085889570552
E02005957,E02005956,138,0,0,0,9,0,1,62,8,14,43,1,1291.404817344089,0.017231413473691292,0.10144927536231885,0.2164642181466742,81,17.53360166988061,15.711490012299898,30,0.21739130434782608
E02005957,E02005957,117,0,0,0,7,0,1,29,4,7,69,0,0,0.01141834850172049,0.05982905982905983,0.040614460284234405,41,1.6651928716536106,1.492144150649958,8,0.06837606837606838
E02005957,E02005978,16,0,0,0,1,0,0,15,0,0,0,0,10991.62227399171,0.011656529963973086,0,0.04376918806579049,16,0.7003070090526479,0.6275303149594826,1,0.0625
E02005957,E02005979,40,0,0,0,6,0,0,27,3,2,2,0,8990.501631570189,0.016720687477248152,0.05,0.07873502844357239,36,2.834461023968606,2.5399006380324214,5,0.125
E02005978,E02005940,15,0,0,0,2,0,0,11,0,2,0,0,7748.759441018094,0.020190250622775827,0.13333333333333333,0.10621685133207288,13,1.3808190673169476,1.2373227927386357,3,0.2
E02005978,E02005941,43,0,0,0,3,0,1,34,1,4,0,0,7321.382719085818,0.013187736123367842,0.09302325581395349,0.14106933954412662,39,5.501704242220939,4.929960933284441,9,0.20930232558139536
E02005978,E02005942,32,0,0,0,10,0,0,19,0,3,0,0,5866.796850755556,0.012052556603086123,0.09375,0.20308638877483273,29,5.8895052744701495,5.27746124495227,8,0.25
E02005978,E02005945,104,0,0,0,25,0,1,64,6,8,0,0,7626.165735814986,0.012489729784770236,0.07692307692307693,0.13201305004647876,96,12.67325280446196,11.356234081825788,19,0.18269230769230768
E02005978,E02005946,14,0,0,0,2,0,0,11,0,1,0,0,9467.305566382593,0.012873622024045073,0.07142857142857142,0.07382946940390538,13,0.9597831022507699,0.8600413599500839,2,0.14285714285714285
E02005978,E02005947,468,0,0,1,177,0,17,120,11,121,21,0,4436.464856363335,0.018425489776064136,0.25854700854700857,0.224993256819942,326,73.34780172330109,65.72541545639237,187,0.3995726495726496
E02005978,E02005948,138,0,0,0,26,0,6,52,12,35,7,0,3484.8750151518198,0.015774063178357296,0.2536231884057971,0.26036898615964,96,24.99542267132544,22.39787016083263,57,0.41304347826086957
E02005978,E02005949,52,0,0,1,9,0,1,33,1,7,0,0,8516.027273166712,0.015405498388294466,0.1346153846153846,0.09470351758438143,45,4.261658291297165,3.818781955938342,11,0.21153846153846154
E02005978,E02005950,38,0,0,0,11,0,0,18,1,8,0,0,6220.406044872726,0.013672579796730675,0.21052631578947367,0.1821171264658178,30,5.463513793974534,4.895739279485873,13,0.34210526315789475
E02005978,E02005952,131,0,0,0,8,1,0,106,6,9,1,0,8619.617056870895,0.012371155199267618,0.06870229007633588,0.098705794540947,121,11.943401139454586,10.702229424874899,20,0.15267175572519084
E02005978,E02005953,11,0,0,0,2,0,0,9,0,0,0,0,7102.979279628735,0.016933949466225277,0,0.1369643218199996,11,1.5066075400199956,1.3500391855109972,1,0.09090909090909091
E02005978,E02005954,58,0,0,0,5,0,1,40,1,11,0,0,8061.024430921088,0.014657508377961556,0.1896551724137931,0.11073655973909077,47,5.204618307737267,4.6637485041260245,16,0.27586206896551724
E02005978,E02005955,42,0,0,0,6,0,0,29,2,5,0,0,8207.508636968803,0.01815666774638391,0.11904761904761904,0.09740016010421594,37,3.60380592385599,3.229294348359411,8,0.19047619047619047
E02005978,E02005956,11,0,0,0,1,0,1,8,0,0,1,0,10381.657954358876,0.014383029887343482,0,0.05133663203057378,10,0.5133663203057378,0.460016713393813,0,0
E02005978,E02005978,145,0,0,0,8,0,0,78,9,9,41,0,0,0.01231926158054831,0.06206896551724138,0.039679536606637845,95,3.769555977630595,3.3778194696350567,12,0.08275862068965517
E02005978,E02005979,139,0,0,0,5,0,0,89,8,12,25,0,2524.09196494117,0.02038069179724416,0.08633093525179857,0.24164684321954338,102,24.647978008393427,22.086532339074047,34,0.2446043165467626
E02005979,E02005940,24,0,0,0,5,1,1,12,0,2,3,0,7249.88890114467,0.0186787340615377,0.08333333333333333,0.12649247381187287,19,2.4033570024255844,2.1535974325495046,4,0.16666666666666666
E02005979,E02005941,54,0,0,0,13,0,0,33,0,8,0,0,6822.512179212395,0.010924406889901796,0.14814814814814814,0.16855659352895963,46,7.753603302332143,6.947840103678851,15,0.2777777777777778
E02005979,E02005942,52,0,0,0,13,0,1,26,2,10,0,0,5367.926310882132,0.015261515994819555,0.19230769230769232,0.2083387362130057,42,8.75022692094624,7.840893471987986,18,0.34615384615384615
E02005979,E02005945,155,0,0,0,44,0,1,85,5,19,1,0,7127.178046923802,0.01575881379019474,0.12258064516129032,0.1398684034503226,135,18.882234465793548,16.919971367254192,36,0.23225806451612904
E02005979,E02005946,24,0,0,0,2,0,0,22,0,0,0,0,8947.797827224556,0.019133115207284213,0,0.07520290187266948,24,1.8048696449440675,1.6173055561513203,2,0.08333333333333333
E02005979,E02005947,798,0,0,2,332,0,10,123,25,246,60,0,3937.477167472152,0.013508087420680076,0.3082706766917293,0.26289607456090175,492,129.34486868396365,115.90320407251355,362,0.45363408521303256
E02005979,E02005948,217,0,0,0,34,0,1,63,12,80,27,0,2985.887326260637,0.010475039098018257,0.3686635944700461,0.29452564456166963,110,32.39782090178366,29.031002819748718,109,0.5023041474654378
E02005979,E02005949,107,0,0,0,26,0,3,54,5,18,1,0,7996.519534008678,0.010671179252975897,0.16822429906542055,0.12406167972761865,88,10.917427816030441,9.782876406176241,28,0.2616822429906542
E02005979,E02005950,82,0,0,0,8,0,1,45,3,22,3,0,5719.666723901651,0.010722402997178448,0.2682926829268293,0.2150045017541218,57,12.255256599984943,10.981676514278137,33,0.4024390243902439
E02005979,E02005951,24,0,0,0,2,0,1,13,1,5,2,0,3491.1409445938457,0.010962056425081449,0.20833333333333334,0.2859806252846218,17,4.861670629838571,4.356440335645002,9,0.375
E02005979,E02005952,192,0,0,0,13,1,9,143,7,19,0,0,7305.233952844506,0.014119058490753102,0.09895833333333333,0.13865124106673707,173,23.986664704545515,21.49394345950255,40,0.20833333333333334
E02005979,E02005953,20,0,0,0,1,0,1,13,0,5,0,0,5269.361035490321,0.01164155183257155,0.25,0.22871191305564903,15,3.4306786958347355,3.0741586971038166,8,0.4
E02005979,E02005954,119,0,0,0,12,0,0,82,4,20,1,0,6227.406186782675,0.012295029298925128,0.16806722689075632,0.18742420022930603,98,18.367571622471992,16.45879286697841,36,0.3025210084033613
E02005979,E02005955,87,0,0,0,3,0,1,62,3,17,1,0,6203.157251685034,0.009982272769532254,0.19540229885057472,0.19811782356875576,69,13.670129826244148,12.249514519360034,29,0.3333333333333333
E02005979,E02005956,26,0,0,0,0,0,1,22,0,3,0,0,8377.306569075106,0.012443439740453921,0.11538461538461539,0.10620261408523847,23,2.4426601239604846,2.1888161293737034,5,0.19230769230769232
E02005979,E02005957,14,0,0,0,2,0,0,12,0,0,0,0,8967.846229774324,0.010261612290155474,0,0.09299381911203271,14,1.3019134675684578,1.166617151895172,1,0.07142857142857142
E02005979,E02005978,69,0,0,0,9,0,1,43,6,3,7,0,2524.0919649411694,0.010651724407934337,0.043478260869565216,0.2928339188204467,59,17.277201210406353,15.481734977708289,18,0.2608695652173913
E02005979,E02005979,300,0,0,2,15,0,6,107,12,20,138,0,0,0.012319267957759793,0.06666666666666667,0.03967953006226764,142,5.634493268842005,5.048950374517374,25,0.08333333333333333
